video_id,comment_id,text,like_count_x,published_at,reply_count,word_count,text_clean,title,channel,view_count,like_count_y,wc,aspect,sentiment,intent
kNWg7AxUmuA,Ugw_VhDH1wW7At5PskR4AaABAg,"Great honest appraisal. I have both an iPhone air and Samsung Fold 8 along with the respective ultra watches for both and the earbuds. The air is amazing for making phone calls,camera is poor, battery ok ish, as an iPhone is spot on. The Fold 8 form factor is brilliant. For phone calls it&#39;s size and form factor are ok, cameras are ok , video and gaming next level. Get it anywhere near dirt or grit and it will get in the hinge. You end up with water and using a plastic £20 note to clean it (actual seed packets are the best to get in the gap) As you said depends what you are are going to use it for. Then there is the price point...",0,2026-09-10T16:06:32Z,0,127,"great honest appraisal. i have both an iphone air and Galaxy Z Fold 6 8 along with the respective ultra watches for both and the earbuds. the air is amazing for making phone calls,camera is poor, battery ok ish, as an iphone is spot on. the fold 8 form factor is brilliant. for phone calls it's size and form factor are ok, cameras are ok , video and gaming next level. get it anywhere near dirt or grit and it will get in the hinge. you end up with water and using a plastic £20 note to clean it (actual seed packets are the best to get in the gap) as you said depends what you are are going to use it for. then there is the price point.",iPhone Duo reality check!,C. Scott Brown,130587,2631,129,comparison_samsung,neutral,unknown
YQnZAZEZyW8,UgwtECiPkHwxPGvnrjZ4AaABAg,"i have watch apple event och the Price of Iphone duo is for 256gb is $1,999dollar, 519gb is $2,199dollar, 1tb is $2,599dollar, and last the 2tb will cost $2,999dollar. <br><br>the price of samsung galaxy fold 8 and 8 ultra to Iphone duo is $100-$200dollar so there is almost no difference between the two in price.",2,2026-09-09T22:34:44Z,0,56,"i have watch apple event och the price of iPhone Duo is for 256gb is $1,999dollar, 519gb is $2,199dollar, 1tb is $2,599dollar, and last the 2tb will cost $2,999dollar. the price of samsung galaxy fold 8 and 8 ultra to iPhone Duo is $100-$200dollar so there is almost no difference between the two in price.","iPhone Duo First Look: The $2,000 Foldable iPhone!",UrAvgConsumer,1386918,12372,55,price,neutral,unknown
xifeRNVfnx4,Ugwn6kBvOovyPwRMwjN4AaABAg,"El iPhone dúo soporta carga MagSafe? O es solo por cable usb c? El modo de mesa de noche funciona sin estar enchufado a la electricidad? Muchas gracias, excelente trabajo, saludos! 👋 😉",0,2026-09-10T04:33:45Z,0,33,"el iphone dúo soporta carga magsafe? o es solo por cable usb c? el modo de mesa de noche funciona sin estar enchufado a la electricidad? muchas gracias, excelente trabajo, saludos!","Probando el iPhone Duo, iPhone 18 Pro y Más!",Tech Santos,891482,21051,31,SKIPPED,SKIPPED,SKIPPED
6D__H_DO2Xk,UgzAFJ1bZjhZGuyLTG14AaABAg,"The US price doesn&#39;t include tax, the UK price includes 20% VAT - still more expensive, but it&#39;s always been that way, £ price usually matches the $ before tax price.",281,2026-09-12T21:53:28Z,34,31,"the us price doesn't include tax, the uk price includes 20% vat - still more expensive, but it's always been that way, £ price usually matches the $ before tax price.",iPhone Duo: What We Missed!,Marques Brownlee,6133887,100570,31,price,neutral,unknown
SusdlmIWiyc,Ugwp0_enGXpCnSmSTvR4AaABAg,"THANKS for showing and testing how typing feels like, first video where I can see a bit of that",23,2026-09-11T06:02:45Z,2,19,"thanks for showing and testing how typing feels like, first video where i can see a bit of that",iPhone Duo Hands-On! New Features + Camera Test,Katarina Mogus,195679,3902,19,none / general,positive,unknown
XRKjMvfYV0o,UgwIABfIkKcR9Od6PIp4AaABAg,Just that animation alone is amazing.,24,2026-09-10T06:43:37Z,0,6,just that animation alone is amazing.,iPhone Duo Hands-On - What You NEED to Know!,The Tech Chap,1269878,8878,6,foldable_design,positive,unknown
VNzl-q0EGfg,UgxNnPbF21vbaHNV-MV4AaABAg,"Awesome video, with a billion tech channels, on YouTube this feels genuinely unique",1,2026-09-10T08:44:51Z,0,13,"awesome video, with a billion tech channels, on youtube this feels genuinely unique",I Tested Apple's New FOLDABLE iPhone Duo,Joanna Stern,555070,10857,13,none / general,positive,unknown
zAKTyrxvj7g,UgyVBN7ZRIPce1NOaId4AaABAg,"They took this long to release the first fold and messed <a href=""http://up.wtf/"">up.wtf</a> is this?",0,2026-09-10T00:00:32Z,0,15,they took this long to release the first fold and messed up.wtf is this?,iPhone Duo - Hands-On,SuperSaf,907627,10079,14,foldable_design,negative,not_buying
P6x5bFbdfao,UgzI4Ed5oKNr4dSrsBZ4AaABAg,"Not curved on one side will make it easier to hold, and makes it opened up look perfect",2,2026-09-09T20:57:44Z,0,18,"not curved on one side will make it easier to hold, and makes it opened up look perfect",Is the iPhone Duo Worth It?,Austin Evans,360620,9156,18,foldable_design,positive,unknown
0tByRTONOrA,Ugwc5hHibcf9zFNoGRN4AaABAg,Ankur Warikoo: CRORE! <br>wahi unka favorite word hai,47,2026-09-10T01:02:41Z,0,8,ankur warikoo: crore! wahi unka favorite word hai,Apple iPhone 18 Pro & iPhone Duo Price #shorts,Gyan Therapy,1489849,61199,8,SKIPPED,SKIPPED,SKIPPED
JK2ABhWdpBI,UgxkIySMeGh-_G39zMJ4AaABAg,Vai 15 pro er dam kombe ..?,0,2026-09-11T05:22:49Z,0,7,vai 15 pro er dam kombe ..?,iPhone 18 Pro Max - তুমি তো এবার হারিয়ে যাবে Duo এর আগমনে! ,SamZone,949223,19009,7,SKIPPED,SKIPPED,SKIPPED
Zt-fS0DH8BQ,UgyeUu6wzMuAOWZkm0x4AaABAg,Did they add an HDR off button? Or am I still going to get 16 photos stitched together and fudging up the shadows in &quot;pro&quot; mode?,0,2026-09-11T12:20:23Z,0,26,"did they add an hdr off button? or am i still going to get 16 photos stitched together and fudging up the shadows in ""pro"" mode?",iPhone 18 Pro & Duo: A Photographer's Reaction,Tyler Stalman,521951,6481,26,camera,negative,unknown
02KQtlid_Kc,UgyGgdzr7UDdelvT5cF4AaABAg,OMG YOURE FINALLY BACK AGAIN❤❤❤❤❤!!!! GREAT VIDEO,1,2026-09-11T00:41:15Z,0,7,omg youre finally back again ! great video,"Unboxing $7,300 Apple Mystery Box.. IPHONE DUO INSIDE!?!?",XtremeGamez,35224,591,8,none / general,positive,unknown
2qNfOa5AuVU,UgwRKW-RV7KN2X2Fuj14AaABAg,Been having a Fold 7 since launch and it only took me a few weeks to not notice the crease. I do like the open and closing transitions.,5,2026-09-10T00:09:00Z,2,28,been having a fold 7 since launch and it only took me a few weeks to not notice the crease. i do like the open and closing transitions.,I Tried the iPhone Duo... Is It Worth It?,Tom’s Guide,314367,3007,28,display,positive,unknown
dzGkj5TTUKM,UgzltFd10M4csEwMHsB4AaABAg,How can I win give away,0,2026-09-11T09:26:27Z,0,6,how can i win give away,"iPhone 18 Pro Max ,iPhone Duo Launch | Price in Pakistan?",VideoWaliSarkar,443229,4810,6,SKIPPED,SKIPPED,SKIPPED
_4DqqXrPcf0,UgxO-scBDgkJGl6nccZ4AaABAg,"The 18 Pro also comes with the 2TB option, which wasn’t the case for/on the 17 Pro.",0,2026-09-12T10:27:53Z,0,17,"the 18 pro also comes with the 2tb option, which wasn’t the case for/on the 17 pro.",iPhone 18 Pro or iPhone 17 Pro 🤔,mobiscrub,899825,21295,17,upgrade,neutral,unknown
8Vh_zxj64-c,UgwXGEvCfPQFthkzn9B4AaABAg,"$4,500 Canadian. Yeah, no thanks.",0,2026-09-10T06:11:07Z,0,5,"$4,500 canadian. yeah, no thanks.",iPhone Duo is SO Expensive...,Andres Vidoza,272620,7327,5,price,negative,not_buying
BMWXCpU1A6A,UgxJOwAVcf0EDdIs6ZV4AaABAg,"From what I&#39;m seeing so far, i don&#39;t like the color science of the 18s. I&#39;m hoping I&#39;m wrong, but skin tones and colors don&#39;t look well represented. Let&#39;s see.",1,2026-09-10T21:18:21Z,0,30,"from what i'm seeing so far, i don't like the color science of the 18s. i'm hoping i'm wrong, but skin tones and colors don't look well represented. let's see.",iPhone 18 Pro Max vs Samsung Galaxy S26 Ultra - Did NOT Expect This.,XEETECHCARE,159368,1150,30,camera,negative,unknown
kb8yuvdbbq8,Ugy6uwXRFe__HAgPYpR4AaABAg,i carry both and i like duo better. getting rid of my fold 4 .,0,2026-09-12T17:38:49Z,0,15,i carry both and i like duo better. getting rid of my fold 4 .,iPhone Duo vs Z Fold 8 // Just Stop It!,TechOdyssey,40486,1008,15,comparison_samsung,positive,buy
XRKjMvfYV0o,UgzKO9oOIsmTEAq9tiF4AaABAg,Is it £1999 cause its 1 tb?,0,2026-09-12T15:22:24Z,0,7,is it £1999 cause its 1 tb?,iPhone Duo Hands-On - What You NEED to Know!,The Tech Chap,1269878,8878,7,price,neutral,unknown
1iWiG7NcPDs,UgxSiWfeeNqVxg_Z0F94AaABAg,ap log kuch mt lo iqoo lo job kro paisa kamwo ghar ka name badhwo,0,2026-09-10T07:09:13Z,0,15,ap log kuch mt lo iqoo lo job kro paisa kamwo ghar ka name badhwo,iPhone 18 Pro: The Most Expensive Gaming iPhone Ever? 😳,Gaming Pathshala,127907,2045,15,SKIPPED,SKIPPED,SKIPPED
5pV3D14y1FQ,Ugx7Y-Z_b6vTmm-vPEx4AaABAg,Guess what? I got a 15 second unskippable Samsung Z Fold 8 Ad before this.,35,2026-09-10T10:28:23Z,0,15,guess what? i got a 15 second unskippable samsung z fold 8 ad before this.,iPhone Duo/18 Pro Hands On - I wasn’t ready,Mrwhosetheboss,11503721,131416,15,comparison_samsung,neutral,unknown
-4ZHytn6LgM,UgzDaO2JG_AETaWhraF4AaABAg,When I will buy my new laptop and smartphone plz tell best best ?,0,2026-09-10T01:20:48Z,3,14,when i will buy my new laptop and smartphone plz tell best best ?,Apple iPhone Duo Exclusive First Look - World's Best Foldable!🔥🔥🔥,Technical Guruji,665548,7061,14,SKIPPED,SKIPPED,SKIPPED
ZzGzNdppGS8,UgyngqOGrp6MuvaerEt4AaABAg,Ugly as heck. No thanks. I’m trying to leave Apple. Sadly it’s harder than you’d think.,0,2026-09-09T18:58:49Z,0,16,ugly as heck. no thanks. i’m trying to leave apple. sadly it’s harder than you’d think.,"Apple Unveils $1,999 Foldable iPhone Duo",Bloomberg Television,149189,511,16,foldable_design,negative,not_buying
3eODZWGo6hE,UgzkBCiR4fbyfsqVId14AaABAg,If they limit on device control like alarms and calendar stuff…. The new service is dead in the water.,0,2026-09-11T12:56:38Z,0,19,if they limit on device control like alarms and calendar stuff…. the new service is dead in the water.,What Apple DIDN’T Tell You About iPhone 18 Pro & iPhone Duo!,9to5Mac,581845,7820,19,ai_siri,negative,unknown
IMLcY2WEzi0,UgwKgKi-IOeF00w1ImF4AaABAg,Please unboxing the Xiaomi 18 fold please 🥺 🙏🙏🙏,1,2026-09-13T03:28:39Z,0,9,please unboxing the xiaomi 18 fold please 🥺,iPhone Duo & iPhone 18 Pro Max First Look - A New Battle Begins!,Technology Gyan,2197410,18262,8,SKIPPED,SKIPPED,SKIPPED
GZPKac9mu0o,UgyjMLeah5JJjE53A8J4AaABAg,"Ok people commenting on how zfold 8 is cheaper, a 100 dollar cheaper, but the duo is offering more than the zf8 at a lower price than the zf8 ultra. So for those 100 dollars more on the duo you get <br>1. Wireless charging <br>2. Apple Pencil, a.k.a stylus,  support, <br>3. C2 modem that allows you to connect to satellite service.<br>4. Bluetooth 6, zfold 8 has 5.#<br>5. Ip 68, higher than zfold 8 ip48<br>6. A full screen experience when un folded, aka no hole puncture. <br>7. Better speaker placement, supports dolby vision, Spatial Audio and more…<br><br>So you see, yes it cost 100 dollars more than the zfold 8 but it brings more to the table with those 100 dollars extra at a lower price than the zfold 8 ultra",0,2026-09-12T04:43:12Z,0,129,"ok people commenting on how zfold 8 is cheaper, a 100 dollar cheaper, but the duo is offering more than the zf8 at a lower price than the zf8 ultra. so for those 100 dollars more on the duo you get 1. wireless charging 2. apple pencil, a.k.a stylus, support, 3. c2 modem that allows you to connect to satellite service. 4. bluetooth 6, zfold 8 has 5.# 5. ip 68, higher than zfold 8 ip48 6. a full screen experience when un folded, aka no hole puncture. 7. better speaker placement, supports dolby vision, spatial audio and more… so you see, yes it cost 100 dollars more than the zfold 8 but it brings more to the table with those 100 dollars extra at a lower price than the zfold 8 ultra",iPhone Duo vs Samsung Galaxy Z Fold 8 - This is Embarrassing.,XEETECHCARE,275304,2616,133,comparison_samsung,positive,considering
TEcKFbOBhTc,UgwALEwjCphVBogg2K14AaABAg,Kuch bhi naya hai 30000 badme ke hisab se <br>30000 me to new android phone aa jayega,0,2026-09-11T02:40:52Z,0,17,kuch bhi naya hai 30000 badme ke hisab se 30000 me to new android phone aa jayega,"iPhone 18 Pro & Pro Max Launched in India: ₹30,000 More! BIG Enough Upgrade?",Jagran HiTech - Auto & Personal Tech,96815,273,17,SKIPPED,SKIPPED,SKIPPED
BZi0R_thP9M,Ugzcp_M6mWYoH_txOv14AaABAg,"Coming from a tradition DSLR camera background and shutter tech. I know for a fact  the camera mechanical aperture will have a live span and if you drop you phone, it could get damaged.",9,2026-09-10T14:13:05Z,3,34,"coming from a tradition dslr camera background and shutter tech. i know for a fact the camera mechanical aperture will have a live span and if you drop you phone, it could get damaged.",iPhone 18 Pro Max HANDS ON: This Camera Is a Big Deal,Tom’s Guide,274776,1558,34,camera,negative,unknown
xifeRNVfnx4,UgzTBDi43madJ4HxMYN4AaABAg,"No soy de lanzar hate, soy de reconocer lo obvio... TSantos es un creador de contenido, crea contenido ya desde hace varios años para Apple, por algo lo siguen invitando, obviamente que todo confabula para que lo que cada año anuncien, cada año ¨Sea mas y mas INCREIBLE, ASOMBROSO, LO MEJOR¨ y sabemos que hay matices, no creo que este iPhone sea un éxito en ventas y no creo que dure mas de 2 años en la cartera de Apple para futuras actualizaciones.",5,2026-09-10T02:54:15Z,0,83,"no soy de lanzar hate, soy de reconocer lo obvio. tsantos es un creador de contenido, crea contenido ya desde hace varios años para apple, por algo lo siguen invitando, obviamente que todo confabula para que lo que cada año anuncien, cada año ¨sea mas y mas increible, asombroso, lo mejor¨ y sabemos que hay matices, no creo que este iphone sea un éxito en ventas y no creo que dure mas de 2 años en la cartera de apple para futuras actualizaciones.","Probando el iPhone Duo, iPhone 18 Pro y Más!",Tech Santos,891482,21051,83,SKIPPED,SKIPPED,SKIPPED
XRKjMvfYV0o,Ugx1slhpTJY_AX9-fud4AaABAg,Which color is available?  Which looks best?,1,2026-09-11T03:43:05Z,0,7,which color is available? which looks best?,iPhone Duo Hands-On - What You NEED to Know!,The Tech Chap,1269878,8878,7,foldable_design,neutral,considering
XRKjMvfYV0o,Ugx8AaQHYRH8elmltS94AaABAg,Those animations look amazing. Apple have convinced me with this thing. Impressed,3,2026-09-10T20:57:06Z,0,12,those animations look amazing. apple have convinced me with this thing. impressed,iPhone Duo Hands-On - What You NEED to Know!,The Tech Chap,1269878,8878,12,foldable_design,positive,considering
PCkZ5pfo-pI,UgyyobP8QtHtBx5crIJ4AaABAg,Phones are nolonger that interesting 🤔,0,2026-09-11T09:15:44Z,0,6,phones are nolonger that interesting 🤔,iPhone 18 Pro Max - Watch BEFORE You Buy!,SuperSaf,658916,4461,6,none / general,negative,not_buying
ZzGzNdppGS8,Ugw7KS0FTOfgZL4mD4V4AaABAg,So they just took what Samsung already did. Who&#39;s paying that much for this thing?,3,2026-09-09T19:35:20Z,1,15,so they just took what samsung already did. who's paying that much for this thing?,"Apple Unveils $1,999 Foldable iPhone Duo",Bloomberg Television,149189,511,15,comparison_samsung,negative,not_buying
fBYusyB43z4,UgzvNeJU5I7a1Etzt2d4AaABAg,"I currently have the 11 pro max. I definitely plan on upgrading to the 18 pro max within the next few months. It&#39;s old and long overdue with battery replacements, overheating, and slow performance.",7,2026-09-11T17:02:08Z,0,34,"i currently have the 11 pro max. i definitely plan on upgrading to the 18 pro max within the next few months. it's old and long overdue with battery replacements, overheating, and slow performance.",iPhone 18 Pro Max / iPhone Duo: DON'T WASTE YOUR MONEY!,Alex Gear & Tech,191934,3003,34,upgrade,positive,buy
HTxGdXmbozQ,UgxTyeK8IXcVYy1t3ud4AaABAg,This is a day 1 preorder for me my birthday is October 1st this will be a birthday gift to myself this year 🔥🔥,0,2026-09-11T10:27:17Z,0,24,this is a day 1 preorder for me my birthday is october 1st this will be a birthday gift to myself this year,iPhone Duo Hands-On: Apple's Foldable is Finally Here!,Andru Edwards,189521,1625,23,none / general,positive,buy
lTYHROseqno,Ugy39_4X74v9Ys3DuUx4AaABAg,Duo look much more premium.,0,2026-09-13T12:59:35Z,0,5,duo look much more premium.,iPhone Duo vs. Galaxy Z Fold 8 | Which Design Wins? #foldablephones #apple #samsung,Tom’s Guide,671250,4347,5,foldable_design,positive,unknown
Zt-fS0DH8BQ,UgzuaiW0qmQ393K2vVF4AaABAg,"Dang! As with my last MacBook Pro, I just bought an iPhone 17 Pro less than 2 weeks before the launch of the new model. My timing with Apple always sucks! But I do still really like my 17 Pro and MacBook Pro.",0,2026-09-10T16:15:39Z,3,43,"dang! as with my last macbook pro, i just bought an iphone 17 pro less than 2 weeks before the launch of the new model. my timing with apple always sucks! but i do still really like my 17 pro and macbook pro.",iPhone 18 Pro & Duo: A Photographer's Reaction,Tyler Stalman,521951,6481,43,upgrade,neutral,not_buying
XUzwAiLkkCs,UgzQ5SbtwcfA1pPTvbJ4AaABAg,"I don&#39;t understand why you find dystopian putting a cartoon so the kid looks at the right spot. Not criticizing, just wondering what I&#39;m missing.",45,2026-09-10T05:29:55Z,10,25,"i don't understand why you find dystopian putting a cartoon so the kid looks at the right spot. not criticizing, just wondering what i'm missing.",iPhone Duo Has A Problem.,AppleTrack,235957,5336,25,ai_siri,neutral,unknown
o8oLPMpG4X8,Ugzo_HIeJRZnS9TAubx4AaABAg,"Might have made this a bit early. <br><br>iPhone Duo (not ultra) has pen support. Also, under display camera that won&#39;t disrupt screen. Bonus the iPhone will come with a larger battery. Plus bonus is flex and tent modes that Samsung doesn&#39;t have.  If we are calculating discounts and trade ins the phones will be similar in price.",19,2026-09-09T19:05:48Z,19,57,"might have made this a bit early. iPhone Duo (not ultra) has pen support. also, under display camera that won't disrupt screen. bonus the iphone will come with a larger battery. plus bonus is flex and tent modes that samsung doesn't have. if we are calculating discounts and trade ins the phones will be similar in price.",iPhone Duo vs Z Fold 8 - The $2000 Mistake Unfolded!,DKHD,87471,189,57,comparison_samsung,positive,considering
WZramr1owj4,UgxXom5Lm2DbgAdrQCh4AaABAg,"Da possessore di z Fold 8 e con l&#39;esperienza di qualche mese di foldable formato pocket, sono sicurissimo che gli utenti Apple adoreranno questo Duo per la praticità di un dispositivo che entrerà comodamente in tasca, leggero, BILANCIATO in mano e che solo all&#39;occorrenza diventerà un bel tablet da 7,6 pollici. <br><br>Scopriranno che la maggior parte del tempo lo utilizzeranno da chiuso con tutto il piacere di avere un dispositivo bilanciato nel palmo della mano, senza inutile e pesante spazio fuori dall&#39;area visiva. Sarà come tornare un pò indietro nel tempo, ma si accorgeranno presto di quanto sia stato sacrificato negli anni in termini di comodità per avere un 16:9 da sfruttare ramente e solo in determinate condizioni.<br><br>Dopo qualche settimana non riuscirete a tornare più indietro..a quelle pesanti, innaturali ed ingestibili &quot;Ciabatte&quot; che ci hanno condizionato a vedere e registrare il mondo solo in verticale 😉👋🏻",0,2026-09-12T07:42:05Z,0,146,"da possessore di z fold 8 e con l'esperienza di qualche mese di foldable formato pocket, sono sicurissimo che gli utenti apple adoreranno questo duo per la praticità di un dispositivo che entrerà comodamente in tasca, leggero, bilanciato in mano e che solo all'occorrenza diventerà un bel tablet da 7,6 pollici. scopriranno che la maggior parte del tempo lo utilizzeranno da chiuso con tutto il piacere di avere un dispositivo bilanciato nel palmo della mano, senza inutile e pesante spazio fuori dall'area visiva. sarà come tornare un pò indietro nel tempo, ma si accorgeranno presto di quanto sia stato sacrificato negli anni in termini di comodità per avere un 16:9 da sfruttare ramente e solo in determinate condizioni. dopo qualche settimana non riuscirete a tornare più indietro..a quelle pesanti, innaturali ed ingestibili ""ciabatte"" che ci hanno condizionato a vedere e registrare il mondo solo in verticale",iPhone Duo FA SCHIFO?,Manuel Agostini,51630,816,146,SKIPPED,SKIPPED,SKIPPED
EKfHv_xOZRw,UgwLfIDdzb1tACbS5ut4AaABAg,my iPhone SE 2020 is still good. Thanks!,6,2026-09-10T05:14:50Z,3,8,my iphone se 2020 is still good. thanks!,iPhone 18 Pro hands-on,The Verge,267790,1817,8,upgrade,positive,not_buying
eei604kBYuk,UgwKc4N4m7cuLmej7Yp4AaABAg,Justine since you said you are left handed I was wondering if you could test the iPhone duo with the toolbar on the right side of the phone.,1,2026-09-12T08:26:21Z,0,28,justine since you said you are left handed i was wondering if you could test the iPhone Duo with the toolbar on the right side of the phone.,iPhone Duo - First impressions 😍,iJustine,458662,8021,28,multitasking,neutral,unknown
OVtcgqufnHc,UgxqU1YSpQfeRNehWFR4AaABAg,"I wish there were an option for the folio case without the front cover.<br>I&#39;&#39;d want quick and easy access to the outer display, like with the regular Duo case, but I want to have the kickstand of the Folio case.",158,2026-09-10T14:49:49Z,12,40,"i wish there were an option for the folio case without the front cover. i''d want quick and easy access to the outer display, like with the regular duo case, but i want to have the kickstand of the folio case.",Apple's Official iPhone Duo Cases: Are They Worth It?,AppleInsider,956178,5301,41,foldable_design,neutral,considering
3eODZWGo6hE,UgzJvAsuXFsrWHJYlxN4AaABAg,"<a href=""https://www.youtube.com/watch?v=3eODZWGo6hE&amp;t=72"">1:12</a> is the economy, the same as when those iPhones were released?",0,2026-09-12T03:10:55Z,0,13,"1:12 is the economy, the same as when those iphones were released?",What Apple DIDN’T Tell You About iPhone 18 Pro & iPhone Duo!,9to5Mac,581845,7820,12,price,negative,unknown
PCkZ5pfo-pI,UgzxioNNR9h-BseA-l14AaABAg,I saw the regular pro gets the c2 modem chip while the max doesn’t? Is that a big difference?,0,2026-09-12T06:22:39Z,0,19,i saw the regular pro gets the c2 modem chip while the max doesn’t? is that a big difference?,iPhone 18 Pro Max - Watch BEFORE You Buy!,SuperSaf,658916,4461,19,performance,neutral,unknown
vDPlRTGSDy0,UgxC74JUUImk_bU0hxF4AaABAg,Silver or Glacier<br>both looks sick,12,2026-09-10T02:07:40Z,0,5,silver or glacier both looks sick,iPhone 18 Pro All New Colors Hands-on,EMKWAN REVIEWS,537094,3189,6,foldable_design,positive,unknown
sL6OWsT47zc,UgwO7CovzKMtJzq70fp4AaABAg,Can’t wait for you to get sponsored by Apple get a free IPhone and another mansion and say how Genius it is. Love you Linus ❤,4,2026-09-11T16:21:47Z,0,26,can’t wait for you to get sponsored by apple get a free iphone and another mansion and say how genius it is. love you linus,"Apple just Copied Microsoft’s Worst Idea - iPhone Duo, Airpods 5, iPhone 18 Pro & More",Linus Tech Tips,3042811,43017,25,none / general,negative,unknown
6D__H_DO2Xk,UgwxuvfQ5LCibupvLsB4AaABAg,They said the same thing when they were asked about the iPod and iPhone and eventually the iPhone made the iPod obsolete,251,2026-09-12T22:14:49Z,16,22,they said the same thing when they were asked about the ipod and iphone and eventually the iphone made the ipod obsolete,iPhone Duo: What We Missed!,Marques Brownlee,6133887,100570,22,foldable_design,positive,unknown
-2w8N4oll2I,UgytUAWexkJiXP-aeGB4AaABAg,Samung did the iphone duo screen better than their own samsung folding phones? I got the zflip and the crease is so obvious.,1,2026-09-11T17:25:17Z,0,23,samung did the iPhone Duo screen better than their own samsung folding phones? i got the zflip and the crease is so obvious.,iPhone Duo | iPhone 18 Pro Max - Everything NEW!,Hayls World,1376784,11984,23,display,positive,unknown
-YGEQlw8_G4,UgxtP0IoqrvxJnVHH4Z4AaABAg,I am going to order the 512 Gb duo in blue I can’t wait,2,2026-09-10T07:01:09Z,0,14,i am going to order the 512 gb duo in blue i can’t wait,iPhone Duo & iPhone 18 Pro -- Hands On & First Impressions!,AppleInsider,176771,1143,14,none / general,positive,buy
JDHIKznOpFg,UgyyUJxfP6hUI4t1S0h4AaABAg,Itu cewe apple di belakang curi2 pandang terus 😏. Bungkus apple yg di belakang aja Koh 🤣,2,2026-09-10T02:42:29Z,0,17,itu cewe apple di belakang curi2 pandang terus . bungkus apple yg di belakang aja koh 🤣,Nyicipin iPhone Duo | Langsung dari Apple Event 2026,Bestindotech,404651,2501,17,SKIPPED,SKIPPED,SKIPPED
kb8yuvdbbq8,Ugy_6pu0sHkpJEAZg_p4AaABAg,No doubt Apple did a GREAT Job and BTW Apple Pencil support for both displays mind you 🔥🔥🔥🔥 Thanks To Samsung and Apple keeping up competition WE all win 😉,0,2026-09-12T15:24:00Z,0,30,no doubt apple did a great job and btw apple pencil support for both displays mind you thanks to samsung and apple keeping up competition we all win,iPhone Duo vs Z Fold 8 // Just Stop It!,TechOdyssey,40486,1008,28,ecosystem,positive,unknown
Zt-fS0DH8BQ,UgwqEZX_-LbVvfv1nZx4AaABAg,Good stuff as always. Thank you.,1,2026-09-10T16:03:16Z,0,6,good stuff as always. thank you.,iPhone 18 Pro & Duo: A Photographer's Reaction,Tyler Stalman,521951,6481,6,none / general,positive,unknown
2qNfOa5AuVU,Ugx3J_oMkQR3cu2jOZ54AaABAg,Too small the matte display and the huge rounded corners and no in display fingerprint sensor are a deal breaker,8,2026-09-09T23:02:41Z,4,20,too small the matte display and the huge rounded corners and no in display fingerprint sensor are a deal breaker,I Tried the iPhone Duo... Is It Worth It?,Tom’s Guide,314367,3007,20,display,negative,not_buying
BMWXCpU1A6A,UgwRtR9d_9-rdMRkj8V4AaABAg,How about the Cellular modems? They are using ones that are 2 and 3 generations old. You pay all that money and you get cellular connectivity from 3 and 4 years ago. <br>Everything is so damn expensive and now we&#39;re also being shorted hardware at that price. <br>Fu apple.,5,2026-09-10T19:16:58Z,2,49,how about the cellular modems? they are using ones that are 2 and 3 generations old. you pay all that money and you get cellular connectivity from 3 and 4 years ago. everything is so damn expensive and now we're also being shorted hardware at that price. fu apple.,iPhone 18 Pro Max vs Samsung Galaxy S26 Ultra - Did NOT Expect This.,XEETECHCARE,159368,1150,49,performance,negative,not_buying
q-EkmUyqXas,UgwcaVzftD-avl4LdpN4AaABAg,I literally forgot iphone 18 pro max exists beacuse of iphone duo ...lol..,26,2026-09-09T20:41:22Z,2,13,i literally forgot iPhone 18 Pro Max exists beacuse of iPhone Duo .lol..,iPhone 18 Pro Max – ALL NEW FEATURES + Should You BUY It?,Karl Conrad,697692,2989,13,foldable_design,positive,considering
GZPKac9mu0o,UgwWeRokT4UekwgrYHV4AaABAg,lol.... they are going to charge.customers another $200 for the pen.😂,7,2026-09-11T22:46:50Z,0,11,lol. they are going to charge.customers another $200 for the pen.,iPhone Duo vs Samsung Galaxy Z Fold 8 - This is Embarrassing.,XEETECHCARE,275304,2616,11,ecosystem,negative,unknown
_4DqqXrPcf0,UgxdDggUkZQL712uIal4AaABAg,iPhone 18 pro max I just love the colours,0,2026-09-12T18:15:57Z,0,9,iPhone 18 Pro Max i just love the colours,iPhone 18 Pro or iPhone 17 Pro 🤔,mobiscrub,899825,21295,9,foldable_design,positive,unknown
0tByRTONOrA,Ugz7lK3qB3Z4GnqzGTh4AaABAg,"Ab iphone lene ka sapna, sapna hi rehe jaega! Lagta hai 😢😂",1,2026-09-10T06:56:32Z,0,12,"ab iphone lene ka sapna, sapna hi rehe jaega! lagta hai",Apple iPhone 18 Pro & iPhone Duo Price #shorts,Gyan Therapy,1489849,61199,11,SKIPPED,SKIPPED,SKIPPED
22cShlkDEUE,UgxZflxwj2M50f_my_94AaABAg,"The most ugly foldable I have ever seen along with xiaomi 18 fold, trigger my rage with that asymmetry everytime and whats with that corner big camera hole😂 and also only inner with matte screen wtf with inconsistent apple nowadays. Ui also weird with sidebar lol. And those overrated animation only flawless in home screen lol",1,2026-09-12T10:43:24Z,0,56,"the most ugly foldable i have ever seen along with xiaomi 18 fold, trigger my rage with that asymmetry everytime and whats with that corner big camera hole and also only inner with matte screen wtf with inconsistent apple nowadays. ui also weird with sidebar lol. and those overrated animation only flawless in home screen lol",5 Reasons the Samsung Z Fold 8 Crushes the iPhone Duo!,Average Dad,36578,864,56,foldable_design,negative,not_buying
VNzl-q0EGfg,Ugw-XhibhzPBy8K1Iwh4AaABAg,I can&#39;t imagine Apple allowing anyone but Joanna to put a hotdog on their iPhone Duo.,0,2026-09-10T20:45:29Z,0,16,i can't imagine apple allowing anyone but joanna to put a hotdog on their iPhone Duo.,I Tested Apple's New FOLDABLE iPhone Duo,Joanna Stern,555070,10857,16,SKIPPED,SKIPPED,SKIPPED
CEgynoERrqc,UgwvquhtEkaUXKgVCaB4AaABAg,I&#39;ll always admit that this technology is cool but the price is beyond ridiculous. I just cannot imagine myself walking around with such an expensive phone in my pocket. It&#39;s a device that you need to get insured or you just need to have a crazy amount of disposable income.,5,2026-09-10T07:56:42Z,3,50,i'll always admit that this technology is cool but the price is beyond ridiculous. i just cannot imagine myself walking around with such an expensive phone in my pocket. it's a device that you need to get insured or you just need to have a crazy amount of disposable income.,iPhone Duo Impressions - They NAILED This,Dave2D,1583371,30481,50,price,negative,not_buying
IuBeUaifH4U,Ugw8BbQbOYmQ45kcpr54AaABAg,iPhone battery backup ekkuvuga vachayala cheyyacha andi,0,2026-09-12T10:38:30Z,0,7,iphone battery backup ekkuvuga vachayala cheyyacha andi,iPhone 18 Pro Max & iPhone Duo in Telugu | గుండెపోటు పక్క,Tharun Telugu Tech,52448,775,7,SKIPPED,SKIPPED,SKIPPED
PCkZ5pfo-pI,UgxBK3JNFnl3pcRCOWh4AaABAg,Go for Silicon Carbon battery technology and bring down weight by 75 grams at least,0,2026-09-10T21:18:06Z,0,15,go for silicon carbon battery technology and bring down weight by 75 grams at least,iPhone 18 Pro Max - Watch BEFORE You Buy!,SuperSaf,658916,4461,15,battery,negative,unknown
LVVTKjqvR88,Ugys-wDHJmcpK5Wu37F4AaABAg,I don&#39;t think it&#39;s so much  faster. <br>The only real world scenario where we will see that is that some high end games will not drop the frames after 15 minutes of playing,2,2026-09-09T19:44:59Z,2,33,i don't think it's so much faster. the only real world scenario where we will see that is that some high end games will not drop the frames after 15 minutes of playing,"iPhone 18 Pro, Pro Max, & Duo Honest Reactions",Nick Ackerman,136711,887,33,performance,negative,unknown
BMWXCpU1A6A,UgzH3FBRCDsKKKMvKL54AaABAg,"I&#39;m no iPhone user nor fan, never owned an apple product. But this release of the iphone gives you many things to be happy and excited about, and the push to buy the new really upgraded phone. Unlike Samsung that&#39;s mostly been removing hardware and features every year. All the things that made Samsung &quot;special&quot; are gone. Nothing to be excited for. Just look at the leaked &quot;upgrades&quot; for the S27Ultra. Untill now, what&#39;s class leading and innovative about that phone?",0,2026-09-10T23:33:38Z,0,81,"i'm no iphone user nor fan, never owned an apple product. but this release of the iphone gives you many things to be happy and excited about, and the push to buy the new really upgraded phone. unlike samsung that's mostly been removing hardware and features every year. all the things that made samsung ""special"" are gone. nothing to be excited for. just look at the leaked ""upgrades"" for the s27ultra. untill now, what's class leading and innovative about that phone?",iPhone 18 Pro Max vs Samsung Galaxy S26 Ultra - Did NOT Expect This.,XEETECHCARE,159368,1150,81,comparison_samsung,positive,considering
6IOOxlyl2JI,Ugy1xlaXt39_ljWClxB4AaABAg,Are u sure you will can deliver Apple DUO on 18th September.,0,2026-09-12T05:43:09Z,0,12,are u sure you will can deliver apple duo on 18th september.,iPhone 18 Pro Max Price in Dubai 🇦🇪 | iPhone Duo First Foldable Price Revealed! | IPhone Price Dubai,Dxb Vlogs,114368,537,12,none / general,neutral,buy
o91cibE-MYc,UgxEBiA9TULqeKyBFKN4AaABAg,It&#39;s made by Samsung. The crease will begin to appear after a few weeks( i have a Fold 8),0,2026-09-10T22:00:41Z,0,19,it's made by samsung. the crease will begin to appear after a few weeks( i have a fold 8),First impressions of the foldable iPhone Duo — Apple's biggest iPhone redesign ever,CNBC Television,242696,1009,19,durability,negative,unknown
fBYusyB43z4,UgwkjmhrBNonseBiMEd4AaABAg,"We are likely going from 15 base to the 18 pro or pro max. 80% discounted carrier upgrades to the pro and 75% on pro max. I was kind of on the fence on whether we should wait, but my bluetooth doesn&#39;t work half the time, and being that I used it for carplay on one vehicle and it&#39;s my literal car key on my other, it just doesn&#39;t feel like waiting another 6+ months makes sense. Trying to decide if I just replace mine, or if the whole family gets upgrades, but that puts the family on a different upgrade cycle than I am on at that point. If the rest of the family waits 6 months they all get free upgrades (unless the carrier changes something, but its been close to a decade they have run this &quot;promo&quot;).",0,2026-09-11T15:29:38Z,1,140,"we are likely going from 15 base to the 18 pro or pro max. 80% discounted carrier upgrades to the pro and 75% on pro max. i was kind of on the fence on whether we should wait, but my bluetooth doesn't work half the time, and being that i used it for carplay on one vehicle and it's my literal car key on my other, it just doesn't feel like waiting another 6+ months makes sense. trying to decide if i just replace mine, or if the whole family gets upgrades, but that puts the family on a different upgrade cycle than i am on at that point. if the rest of the family waits 6 months they all get free upgrades (unless the carrier changes something, but its been close to a decade they have run this ""promo"").",iPhone 18 Pro Max / iPhone Duo: DON'T WASTE YOUR MONEY!,Alex Gear & Tech,191934,3003,140,upgrade,neutral,considering
xEeWqPmo4H4,UgzsMly_g3ImmjtXXeF4AaABAg,"Für mich kommt so ein Falthandy nicht in Frage, denn dann müsste ich schon alleine wegen dem Preis, das Telefon aufklappen und dafür bin ich einfach zu faul. Für andere scheint es gut zu sein.",2,2026-09-13T10:08:23Z,0,35,"für mich kommt so ein falthandy nicht in frage, denn dann müsste ich schon alleine wegen dem preis, das telefon aufklappen und dafür bin ich einfach zu faul. für andere scheint es gut zu sein.",Ich hab' das iPhone Duo ausprobiert...,Alex,227627,8782,35,SKIPPED,SKIPPED,SKIPPED
1tf9At4daiU,UgxbgyhovXGoTDrMCP94AaABAg,No one is crying. Bewakoof,0,2026-09-11T12:07:28Z,0,5,no one is crying. bewakoof,iPhone Duo Vs Samsung Z Fold 8,Utpal Pandey,120490,1739,5,SKIPPED,SKIPPED,SKIPPED
xdCruGl8ORU,UgwR6W5iad8Piqt7cwR4AaABAg,I knew my boy was going to be the first to give me the break down,19,2026-09-09T19:00:17Z,0,16,i knew my boy was going to be the first to give me the break down,iPhone Duo - First Look & Hands-On!,Brian Tong,1252107,14423,16,SKIPPED,SKIPPED,SKIPPED
OVtcgqufnHc,Ugzmu1slIVBJl96LWsh4AaABAg,"I know its a samsung fold with the apple logo on it, but I like it",0,2026-09-12T01:36:27Z,0,16,"i know its a Galaxy Z Fold 6 with the apple logo on it, but i like it",Apple's Official iPhone Duo Cases: Are They Worth It?,AppleInsider,956178,5301,18,comparison_samsung,positive,unknown
-2w8N4oll2I,Ugz6x2nmmoZHddsrRFB4AaABAg,I’m definitely gonna get this 💯😎,1,2026-09-10T17:04:30Z,0,6,i’m definitely gonna get this,iPhone Duo | iPhone 18 Pro Max - Everything NEW!,Hayls World,1376784,11984,5,none / general,positive,buy
0tByRTONOrA,UgyxKBdoaQXHNtu3ADl4AaABAg,Custom rom ka videos upload karo,0,2026-09-10T09:22:00Z,0,6,custom rom ka videos upload karo,Apple iPhone 18 Pro & iPhone Duo Price #shorts,Gyan Therapy,1489849,61199,6,SKIPPED,SKIPPED,SKIPPED
lEHul6vEhnI,UgyrzzSHQHqqrE2qAht4AaABAg,I like the duo but I can&#39;t stand the outer display asymmetrical design. Volume button placement seems odd but I&#39;ll use it in person and see how that. I also don&#39;t like the placement of the dock and things on the duo. I&#39;m left handed and I can&#39;t imagine using this thing right handed.,0,2026-09-10T10:29:40Z,0,54,i like the duo but i can't stand the outer display asymmetrical design. volume button placement seems odd but i'll use it in person and see how that. i also don't like the placement of the dock and things on the duo. i'm left handed and i can't imagine using this thing right handed.,iPhone Duo IS HERE! And I Don't Hate It!,TechOdyssey,87078,848,54,none / general,positive,buy
kb8yuvdbbq8,Ugy5BhWYC5-IaOpBEC94AaABAg,Apple having a fold paves the way for folds to become more mainstream and affordable over time,13,2026-09-12T15:17:05Z,2,17,apple having a fold paves the way for folds to become more mainstream and affordable over time,iPhone Duo vs Z Fold 8 // Just Stop It!,TechOdyssey,40486,1008,17,foldable_design,negative,considering
XRKjMvfYV0o,Ugwr_3Wy0nkjhXM9Zyt4AaABAg,I&#39;m still in shock at how smooth the opening animation is,1,2026-09-10T08:30:37Z,0,11,i'm still in shock at how smooth the opening animation is,iPhone Duo Hands-On - What You NEED to Know!,The Tech Chap,1269878,8878,11,foldable_design,positive,unknown
cinC9VfLKYk,UgzwaWKRfiO7_BucNE94AaABAg,"Where in the devil is the new Apple TV 4K? The 18s are just more of the same IMO, with some improvements in camera and such. Same for the new Apple Watches and the AirPods 5...underwhelming in my opinion. And the Duo? I believe its made of that new material, unobtainium. I certainly can&#39;t afford it, nor am I sure I want to. I&#39;ll wait and see what the Air 2.0 holds in the Spring of &#39;27. Disappointed to say the least.",2,2026-09-10T19:10:22Z,1,82,"where in the devil is the new apple tv 4k? the 18s are just more of the same imo, with some improvements in camera and such. same for the new apple watches and the airpods 5.underwhelming in my opinion. and the duo? i believe its made of that new material, unobtainium. i certainly can't afford it, nor am i sure i want to. i'll wait and see what the air 2.0 holds in the spring of '27. disappointed to say the least.",iPhone Duo - We Need to Talk,Mark Ellis Reviews,102007,2388,82,price,negative,not_buying
TJ-NarZp7U0,UgzbOgRvtfF1txUu8Gp4AaABAg,Has a crease… no go,8,2026-09-10T02:26:40Z,0,5,has a crease… no go,iPhone Duo Hands-On: I’m VERY Impressed,MacRumors,1138176,8922,5,display,negative,not_buying
j_jj807W71I,UgzckHwRvgKRzJkkR4F4AaABAg,"Really liked the review. It feels very honest, unbiased, and genuine. Really appreciate the way you covered both the pros and cons. Keep up the good work. 👍👏",0,2026-09-10T06:12:28Z,0,28,"really liked the review. it feels very honest, unbiased, and genuine. really appreciate the way you covered both the pros and cons. keep up the good work.",iPhone 18 Pro & iPhone Duo - Apple Tried to Fix This !,Gyan Therapy,943254,15274,27,none / general,positive,unknown
SHelsHvThtw,UgxMxiyU-S8izLL1C8V4AaABAg,"Can the Apple Duo have custom UI like this audio player interface on the Fold 8? <a href=""https://www.youtube.com/watch?v=bnhJ8dsdKzs"">https://youtu.be/bnhJ8dsdKzs</a>",0,2026-09-10T13:47:05Z,0,18,can the apple duo have custom ui like this audio player interface on the fold 8?,EVERY WAY the Z Fold 8 is BETTER than the iPhone Duo!,Tech with Benefits,163539,2978,16,multitasking,neutral,unknown
GxNekPBs6nQ,Ugxa8qCofKFuoS29fVR4AaABAg,"Sorry, aber nach nicht mal 3 vollen Tagen kann man doch nicht von einem &quot;Ausführlichen&quot; Vergleich sprechen",11,2026-09-12T10:04:47Z,1,17,"sorry, aber nach nicht mal 3 vollen tagen kann man doch nicht von einem ""ausführlichen"" vergleich sprechen",Eindeutiger Sieger! iPhone Duo vs Galaxy Z Fold 8,TECHSOME,15625,250,17,SKIPPED,SKIPPED,SKIPPED
Hv6yj-DGUIE,Ugy_0sCuFYSAX8mFtBV4AaABAg,Nalla adiga bro avan ah,0,2026-09-13T05:41:59Z,0,5,nalla adiga bro avan ah,iPhone 18 Pro & iPhone Duo - ⚡️ இது நமக்கு தேவையா ?? 🔥,Tamil Tech - MrTT,684078,9033,5,SKIPPED,SKIPPED,SKIPPED
8xTyh6Y_3Ww,UgydzytO8PG-6LRLhKB4AaABAg,"iPhone 18 Pro price 1,64,990 ₹😮<br>iPhone 18 Pro Max price 1,79,900.₹😮<br>iphone Duo price 2,99,900 ₹😮<br><br>The price hike upto 30k <br>iPhone 17 ka price bhi 17k hike 😅",9,2026-09-10T02:56:41Z,0,27,"iPhone 18 Pro price 1,64,990 ₹ iPhone 18 Pro Max price 1,79,900.₹ iPhone Duo price 2,99,900 ₹ the price hike upto 30k iphone 17 ka price bhi 17k hike",iPhone Duo & iPhone 18 Pro Max Hands On & First Look ⚡ The Future Of iPhones!,Trakin Tech,3358162,26236,29,price,negative,unknown
ut5LDt9jo2Q,UgzU5bj0KLPmjRxct_V4AaABAg,The iPhone Duo is cool But I will stick With My Awesome Galaxy Z Fold 8 Which does A Lot More and the Camera Pics and Video Looks more natural and better on the Z Fold 8 and it has face Unlock and up to 3 apps open on the main screen and a forth floating app and talk about Fast the Z Fold 8 is Really fast doing anything !!!!,14,2026-09-10T15:48:07Z,0,71,the iPhone Duo is cool but i will stick with my awesome galaxy z fold 8 which does a lot more and the camera pics and video looks more natural and better on the z fold 8 and it has face unlock and up to 3 apps open on the main screen and a forth floating app and talk about fast the z fold 8 is really fast doing anything !,iPhone Duo: Does It Have What It Takes?,Mark's Tech,55682,689,71,comparison_samsung,negative,not_buying
Z7IluOTfpRk,UgyW3jVBOmYNow4cbft4AaABAg,iPhone duo ka video banaa bhai,0,2026-09-13T04:20:28Z,0,6,iPhone Duo ka video banaa bhai,Ye Naya iPhone Hain Camera Monster 😮 ft. iPhone 18 Pro Max ⚡️ #TrakinShorts #Shorts,Trakin Shorts,1075236,29451,6,SKIPPED,SKIPPED,SKIPPED
7xKXg0mmXHc,UgwndyAk7rW-tPhrm4l4AaABAg,I really don&#39;t know which one to get 😭😭😭 I want the Duo SO MUCH but I also NEED a zoom camera... Why Apple?????,4,2026-09-11T01:09:28Z,2,24,i really don't know which one to get i want the duo so much but i also need a zoom camera. why apple?,iPhone 18 Pro | Pro Max HANDS-ON - Here's the Problem...,The Tech Chap,1133793,7968,23,camera,negative,considering
5pV3D14y1FQ,UgwsH9V1pyO86t0KRgl4AaABAg,Samsung had the variable aperture back in 2018 in the Galaxy S9.,76,2026-09-10T08:14:25Z,12,12,samsung had the variable aperture back in 2018 in the galaxy s9.,iPhone Duo/18 Pro Hands On - I wasn’t ready,Mrwhosetheboss,11503721,131416,12,comparison_samsung,negative,unknown
Zt-fS0DH8BQ,UgziPIqrh5FOcJFPAY14AaABAg,Which one has biggest image camera sensor ?,0,2026-09-10T20:06:04Z,0,8,which one has biggest image camera sensor ?,iPhone 18 Pro & Duo: A Photographer's Reaction,Tyler Stalman,521951,6481,8,camera,neutral,unknown
02KQtlid_Kc,UgwHxRoETHaGsrS6dYV4AaABAg,New video again?? Super!!!! Thank you Tommy❤❤,5,2026-09-10T16:06:01Z,0,7,new video again?? super! thank you tommy,"Unboxing $7,300 Apple Mystery Box.. IPHONE DUO INSIDE!?!?",XtremeGamez,35224,591,7,SKIPPED,SKIPPED,SKIPPED
_oASntPom50,Ugw5MevGxpAxwlI80KZ4AaABAg,"iAmyash45 <br>Bhai, i just found a channel and ye banda aapki Puri Puri video utha ke youtube pe dal rha hai",0,2026-09-05T20:38:01Z,0,21,"iamyash45 bhai, i just found a channel and ye banda aapki puri puri video utha ke youtube pe dal rha hai",Apple iPhone 18 Series - Biggest Upgrades Ever 🤯,Next Univerz,898577,9545,21,SKIPPED,SKIPPED,SKIPPED
WaR_u4x2diY,UgzSn1L24gQWWE5LCBN4AaABAg,"Ente nokia n8 ll undarnn ee feature, variable aperture",0,2026-09-12T11:37:03Z,0,9,"ente nokia n8 ll undarnn ee feature, variable aperture",iPhone 18 Pro and iPhone Duo - Apple ഞെട്ടിച്ചു | Malayalam,Mr Perfect Tech,518125,4650,9,SKIPPED,SKIPPED,SKIPPED
dik6v1Pj6PA,Ugwjrpj4U181w_GpnXV4AaABAg,I got VIVO X fold 3 @ 57000Rs😂❤❤❤❤❤❤,1,2026-09-10T16:58:08Z,0,8,i got vivo x fold 3 @ 57000rs,iPhone 18 pro max - Breakdown 🤯,HFV Unbox,18859,476,8,SKIPPED,SKIPPED,SKIPPED
9jZAfPNNk1Q,UgxEkYf4tdQcksQfJjx4AaABAg,sa mga iyakin. hindi kayo ang market neto...porke wala kayong pambili eh kung ano ano rason nyo... wag nyo ipilit kung bibili kayo neto tas wala naman kayong emergency cash...at wag kayo bumili kung hindi nyo naman pala kayang..i-cash...bibili ako neto pero yung 256gig ..since i still have my iphone 17 promax paid in cash..,0,2026-09-12T13:10:28Z,0,55,sa mga iyakin. hindi kayo ang market neto.porke wala kayong pambili eh kung ano ano rason nyo. wag nyo ipilit kung bibili kayo neto tas wala naman kayong emergency cash.at wag kayo bumili kung hindi nyo naman pala kayang..i-cash.bibili ako neto pero yung 256gig ..since i still have my iphone 17 promax paid in cash..,iPhone Duo - ANG TINDI NITO!,Hardware Voyage,120558,665,55,SKIPPED,SKIPPED,SKIPPED
zZNms7T1_QM,UgyaIAMv2TEbWY268514AaABAg,"We&#39;ll see how it turns out, seeing massive amounts of detail retained in comparison to the 17 Pro which suffers from pixel binning none sense. that was just one shot though, still excited to see the results because I wanted bigger Sensors man",0,2026-09-12T09:27:50Z,0,43,"we'll see how it turns out, seeing massive amounts of detail retained in comparison to the 17 pro which suffers from pixel binning none sense. that was just one shot though, still excited to see the results because i wanted bigger sensors man",I Know Why Apple Put An Aperture In The iPhone 18 Pro,Fstoppers,294747,6619,43,camera,positive,considering
Q7zlKBTHbuw,UgzEHJOl4Y2gz0iQzCR4AaABAg,i&#39;ll wait for the iphone 23 pro xxl,0,2026-09-09T20:12:20Z,1,8,i'll wait for the iphone 23 pro xxl,iPhone 18 Pro Max Vs 17 Pro Max - HANDS-ON Spec Review!!,Matt Talks Tech,166944,8641,8,upgrade,negative,not_buying
ut5LDt9jo2Q,Ugy-CoABRHmmSYjrUch4AaABAg,It&#39;s called DUO - because it has only TWO cameras,0,2026-09-10T18:05:39Z,0,10,it's called duo - because it has only two cameras,iPhone Duo: Does It Have What It Takes?,Mark's Tech,55682,689,10,camera,negative,unknown
sL6OWsT47zc,UgwqY7VIN99xdgdU80F4AaABAg,finally a wide unfolded phone that wont feel like a toy.,0,2026-09-11T07:11:06Z,0,11,finally a wide unfolded phone that wont feel like a toy.,"Apple just Copied Microsoft’s Worst Idea - iPhone Duo, Airpods 5, iPhone 18 Pro & More",Linus Tech Tips,3042811,43017,11,foldable_design,positive,unknown
pUO6K5uY8OI,Ugx1VwnqfJ-sQu-mJtp4AaABAg,Should sell both my kidneys for top model,1,2026-09-10T03:23:28Z,0,8,should sell both my kidneys for top model,iPhone 18 Pro & iPhone Duo India Prices Are Shocking!,Beebom,648313,7063,8,price,negative,considering
Ot5BEqazSVY,UgwldWfoqp-40FAJBa14AaABAg,It def worth it to get my toddler to look at the camera,1,2026-09-09T21:20:48Z,0,13,it def worth it to get my toddler to look at the camera,iPhone Duo First Look & Hands-on!,Booredatwork.com,725801,6557,13,camera,positive,considering
Apb-g4VH9A0,UgyhBxElTe65NP8gugd4AaABAg,So basically it’s iPhone 17 but with more shi on it LOL 😭,6,2026-09-09T20:27:39Z,2,13,so basically it’s iphone 17 but with more shi on it lol,iPhone 18 Pro Max Hands-on: Burgundy!,Booredatwork.com,201769,1116,12,upgrade,negative,not_buying
_oASntPom50,Ugzt844vgA4rcWwCX2d4AaABAg,Bring xiaomi 28 fold as it comes with the most powerful proccesor xiaomi Xring 03 please😭😭😭😭😭😭,2,2026-09-05T17:26:00Z,0,16,bring xiaomi 28 fold as it comes with the most powerful proccesor xiaomi xring 03 please,Apple iPhone 18 Series - Biggest Upgrades Ever 🤯,Next Univerz,898577,9545,16,SKIPPED,SKIPPED,SKIPPED
eei604kBYuk,UgzLssS_SD2WJsZ9SkZ4AaABAg,I laughed at “duo” and then it hit me,0,2026-09-11T19:26:36Z,0,9,i laughed at “duo” and then it hit me,iPhone Duo - First impressions 😍,iJustine,458662,8021,9,foldable_design,positive,unknown
cm2o03RaPZs,UgwweR0RA4Wgnx9DK1R4AaABAg,"I wouldn’t consider the extra $200 for this device to be a “Apple tax“ Apple was responsible for the development of metal the design in the software, but they also procure the parts from Samsung. Samsung on the other hand, not only saves money on manufacturing the screens and some parts themselves, but they also use an operating system that is provided to them for free, and just put a little bit of customization on it. That extra savings you get by using android kind of comes at the cost of you giving Google more of your information so that they can sell that to advertisers essentially. Android OS is free because you are the product, but iOS cost a bit more because they’re not selling your data.",0,2026-09-11T06:22:40Z,0,128,"i wouldn’t consider the extra $200 for this device to be a “apple tax“ apple was responsible for the development of metal the design in the software, but they also procure the parts from samsung. samsung on the other hand, not only saves money on manufacturing the screens and some parts themselves, but they also use an operating system that is provided to them for free, and just put a little bit of customization on it. that extra savings you get by using android kind of comes at the cost of you giving google more of your information so that they can sell that to advertisers essentially. android os is free because you are the product, but ios cost a bit more because they’re not selling your data.",iPhone Duo vs Z Fold 8 - Uh Oh....,Kevin The Tech Ninja,172822,1456,128,price,positive,unknown
VNzl-q0EGfg,Ugx1MW8RcotJGUhFKTV4AaABAg,This will undoubtedly be the most memorable hands on video from today I’ll see.,0,2026-09-10T07:00:52Z,0,14,this will undoubtedly be the most memorable hands on video from today i’ll see.,I Tested Apple's New FOLDABLE iPhone Duo,Joanna Stern,555070,10857,14,none / general,positive,unknown
LX0VdsBuNow,Ugyo3ZdI3ZrGfGoTbFV4AaABAg,Como algo tan simple como que ya pongan el cargador correcto de la caja sería un mejor avance que los pequeños saltos que dan con sus tecnologías ya obsoletas porque las ocupan mejor en otras marcas de Android😅,0,2026-09-10T13:02:50Z,0,38,como algo tan simple como que ya pongan el cargador correcto de la caja sería un mejor avance que los pequeños saltos que dan con sus tecnologías ya obsoletas porque las ocupan mejor en otras marcas de android,Mi Opinión del iPhone Duo,Domingo Gomes,504700,12735,38,SKIPPED,SKIPPED,SKIPPED
YQnZAZEZyW8,UgzCAE29ETTlx7imNg94AaABAg,The bigger iPad pro with 1TB of storage is the same price... what are we doing here,7,2026-09-09T21:19:05Z,4,17,the bigger ipad pro with 1tb of storage is the same price. what are we doing here,"iPhone Duo First Look: The $2,000 Foldable iPhone!",UrAvgConsumer,1386918,12372,17,price,negative,not_buying
9Eme-c6nqCs,Ugx0Zr9TtFhV19nmHVd4AaABAg,The best opinion coming from the best foldable user for so long.,42,2026-09-10T15:55:03Z,0,12,the best opinion coming from the best foldable user for so long.,iPhone Duo Hands-On: Apple Finally Joins The Fold!,MrMobile [Michael Fisher],457820,11043,12,none / general,positive,unknown
P6x5bFbdfao,Ugw6h2OEpbc3hadaAJl4AaABAg,As a Samsung Knight I comment Apple for making a foldable that gets the experience right. Well from first impressions it looks that way.  Everything kind of flows together. Android is no where near that polished. Especially Samsung who I&#39;ve been rocking with for years. The F8 is amazing but often times it feels like the front display and inner display are 2 completely different phones. And on the Duo they compliment each other and continuity seems to be better than on most foldables.,0,2026-09-11T16:59:42Z,0,84,as a samsung knight i comment apple for making a foldable that gets the experience right. well from first impressions it looks that way. everything kind of flows together. android is no where near that polished. especially samsung who i've been rocking with for years. the f8 is amazing but often times it feels like the front display and inner display are 2 completely different phones. and on the duo they compliment each other and continuity seems to be better than on most foldables.,Is the iPhone Duo Worth It?,Austin Evans,360620,9156,84,comparison_samsung,positive,considering
GZc6rUS1ecw,UgwDbBxnuFjlsBxY_v14AaABAg,"Thats why people respect you ranjit Sir, True openion, and you care about us",0,2026-09-13T11:20:02Z,0,14,"thats why people respect you ranjit sir, true openion, and you care about us",iPhone Duo (iPhone Fold) Pricing is Disgusting in India - RAW Thoughts,Geekyranjit,1011730,21711,14,SKIPPED,SKIPPED,SKIPPED
fBYusyB43z4,UgxTa4pZVyvWK3uZcmp4AaABAg,What if I’m on XR?  ok to buy Duo?  😅😅😅,0,2026-09-11T01:24:39Z,2,10,what if i’m on xr? ok to buy duo?,iPhone 18 Pro Max / iPhone Duo: DON'T WASTE YOUR MONEY!,Alex Gear & Tech,191934,3003,9,upgrade,neutral,considering
pUO6K5uY8OI,UgwL_mqXrlZrVHkgQhZ4AaABAg,I think it’s better to wait one more year for 19 series so that the jump is upgrades  looks more significant. I have the 17 pro 512 and it’s pretty damn good so far.,2,2026-09-10T01:01:09Z,3,34,i think it’s better to wait one more year for 19 series so that the jump is upgrades looks more significant. i have the 17 pro 512 and it’s pretty damn good so far.,iPhone 18 Pro & iPhone Duo India Prices Are Shocking!,Beebom,648313,7063,34,upgrade,neutral,not_buying
IuBeUaifH4U,Ugz2spwuCG0WMkeyzaF4AaABAg,Bro iPhone duo and samsung fold compare video chey bro,0,2026-09-10T08:27:23Z,0,10,bro iPhone Duo and Galaxy Z Fold 6 compare video chey bro,iPhone 18 Pro Max & iPhone Duo in Telugu | గుండెపోటు పక్క,Tharun Telugu Tech,52448,775,12,SKIPPED,SKIPPED,SKIPPED
IXQ_G6TDsf0,Ugxu6hY9TTDzrGO7wqx4AaABAg,"Why they haven&#39;t put a gentle slide/stretch/pull pad behind the crease surprises me. If Apple supposedly &quot;eliminated&quot; the crease, hooray for them... but they didn&#39;t. WIWTK is how come Samsung hasn&#39;t achieved this yet?",3,2026-09-13T15:47:41Z,0,34,"why they haven't put a gentle slide/stretch/pull pad behind the crease surprises me. if apple supposedly ""eliminated"" the crease, hooray for them. but they didn't. wiwtk is how come samsung hasn't achieved this yet?",iPhone Duo vs Galaxy Z Fold 8 - Samsung Has a Problem,TechTalkTV,21011,708,34,display,negative,unknown
C-UALUnR1rE,UgyIXRZkSh5-eug8P_l4AaABAg,Then wouldn&#39;t it be same for samsung ultra phone (slab 📱),0,2026-09-09T19:02:30Z,0,11,then wouldn't it be same for samsung ultra phone (slab ),iPhone Duo is here! APPLE WINS,TAC,393925,1358,11,comparison_samsung,neutral,unknown
SusdlmIWiyc,UgyrVh85z9McxceZCol4AaABAg,"The more videos I watch, the more I want to get the iPhone Duo.",3,2026-09-10T07:40:01Z,0,14,"the more videos i watch, the more i want to get the iPhone Duo.",iPhone Duo Hands-On! New Features + Camera Test,Katarina Mogus,195679,3902,14,none / general,positive,considering
9Eme-c6nqCs,UgzfA58XRP7ws9Lf1614AaABAg,Really interesting that they decided to go with the matte inner display.,0,2026-09-10T19:26:38Z,0,12,really interesting that they decided to go with the matte inner display.,iPhone Duo Hands-On: Apple Finally Joins The Fold!,MrMobile [Michael Fisher],457820,11043,12,display,neutral,unknown
oiu43QVvtV0,UgwarAPtQTDAZKA6PXR4AaABAg,Apple forgot one crucial group of people…<br><br>What about the lefties?,1,2026-09-10T02:02:00Z,0,10,apple forgot one crucial group of people… what about the lefties?,📱Hands on with Apple's new foldable iPhone Duo,Reuters,644466,4220,11,foldable_design,negative,unknown
2qNfOa5AuVU,UgygT22BEH1tU6oluq54AaABAg,"I&#39;m getting one for sure but I want to know how the battery performs. One thing I hate about my current foldable phone, the Z Fold 7, is the battery. I can&#39;t even use the phone all day unless I charge it for a few times throughout the day. If this phone can last longer all day without charging, it will be an icing on the cake!",0,2026-09-09T22:37:34Z,0,67,"i'm getting one for sure but i want to know how the battery performs. one thing i hate about my current foldable phone, the z fold 7, is the battery. i can't even use the phone all day unless i charge it for a few times throughout the day. if this phone can last longer all day without charging, it will be an icing on the cake!",I Tried the iPhone Duo... Is It Worth It?,Tom’s Guide,314367,3007,67,battery,neutral,buy
C-UALUnR1rE,UgzQ7cbEhbaUCMKPWLV4AaABAg,"I switched from iPhone 12 to Samsung z flip 7, and the lack of faceid didn&#39;t bother me - the fingerprint scanning is really seamless and the button sits in a really intuitive place. Didn&#39;t catch where the button was one the duo, but I dont miss faceid much",0,2026-09-09T18:27:15Z,0,49,"i switched from iphone 12 to samsung z flip 7, and the lack of faceid didn't bother me - the fingerprint scanning is really seamless and the button sits in a really intuitive place. didn't catch where the button was one the duo, but i dont miss faceid much",iPhone Duo is here! APPLE WINS,TAC,393925,1358,49,comparison_samsung,neutral,unknown
0cHGpPNnIEw,UgxhjZmH-4aaGqsQAGh4AaABAg,Pasabuy iP18 pro max 256gb or 512gb burgundy,0,2026-09-11T12:09:31Z,0,8,pasabuy ip18 pro max 256gb or 512gb burgundy,"Apple Event 2026 Recap: iPhone DUO, iPhone 18 Pro, Airpods 5 and MORE!",Mary Bautista,384605,2351,8,SKIPPED,SKIPPED,SKIPPED
2qNfOa5AuVU,Ugz8o5f9KTmyTrVZVip4AaABAg,That is awesome but will it wear and tear on the fold?,0,2026-09-10T00:03:08Z,0,12,that is awesome but will it wear and tear on the fold?,I Tried the iPhone Duo... Is It Worth It?,Tom’s Guide,314367,3007,12,durability,negative,unknown
Zt-fS0DH8BQ,UgyyQx85XOiNq4QPH-94AaABAg,"What you mentioned at <a href=""https://www.youtube.com/watch?v=Zt-fS0DH8BQ&amp;t=422"">7:02</a> about the display calibration was really interesting. What was your personal experience with it in person? Did the display lean more toward a cooler or warmer tone?<br><br>(Even though almost all of my devices have OLED or miniLED displays now, I tend to prefer slightly cooler tones, and I’ve calibrated my MacBook more in that direction as well. I always wish Apple would let us adjust the screen temperature a little in iOS, but unfortunately, that’s never been an option in any version of iOS.)<br><br>I’m really curious to hear your thoughts. Thank you!",0,2026-09-10T20:38:14Z,0,98,"what you mentioned at 7:02 about the display calibration was really interesting. what was your personal experience with it in person? did the display lean more toward a cooler or warmer tone? (even though almost all of my devices have oled or miniled displays now, i tend to prefer slightly cooler tones, and i’ve calibrated my macbook more in that direction as well. i always wish apple would let us adjust the screen temperature a little in ios, but unfortunately, that’s never been an option in any version of ios.) i’m really curious to hear your thoughts. thank you!",iPhone 18 Pro & Duo: A Photographer's Reaction,Tyler Stalman,521951,6481,99,display,neutral,unknown
GZPKac9mu0o,UgwvMWbFbar5XNeKbWJ4AaABAg,"Don&#39;t overlook the 254g weight. While not heavy, it&#39;s still going to weigh the equivalent of an iPad mini once you add a full case. That&#39;s a huge difference between it and the Fold 8. I barely feel the Fold 8 when holding it for long sessions. I would definitely notice holding an iPad mini for more than a few minutes.",60,2026-09-11T18:35:14Z,13,61,"don't overlook the 254g weight. while not heavy, it's still going to weigh the equivalent of an ipad mini once you add a full case. that's a huge difference between it and the fold 8. i barely feel the fold 8 when holding it for long sessions. i would definitely notice holding an ipad mini for more than a few minutes.",iPhone Duo vs Samsung Galaxy Z Fold 8 - This is Embarrassing.,XEETECHCARE,275304,2616,61,foldable_design,negative,unknown
LVVTKjqvR88,UgxbqCOeGRUXFfnnrLl4AaABAg,Enter all of the android users yawns 🥱,1,2026-09-09T23:30:49Z,0,8,enter all of the android users yawns 🥱,"iPhone 18 Pro, Pro Max, & Duo Honest Reactions",Nick Ackerman,136711,887,8,comparison_samsung,positive,unknown
oiu43QVvtV0,UgxZtTYan2weWvHlOZh4AaABAg,I was waiting to see how they solved the crease. Well done Apple. You and your bloody witchcraft,3,2026-09-10T01:09:08Z,3,18,i was waiting to see how they solved the crease. well done apple. you and your bloody witchcraft,📱Hands on with Apple's new foldable iPhone Duo,Reuters,644466,4220,18,display,positive,unknown
JDHIKznOpFg,UgzFHHOJcM7FFJYv3J14AaABAg,"Apple nih bener-bener pinter urusan jualan, leak bentuk dll boleh aja bocor, tapi ternyata kita ngga nyangka kalo ui/ux juga dipikirin mateng jadi kaya nyatu sama devicenya, ditambah lagi dia pake layar matte buat nyamarin crease-nya yang sebetulnya sih ya ada kaya brand lain, jadi kesannya iPhone Duo ya beda dari iPhone lain, padahal secara fungsi ya sama aja. apa brand lain gak kepikiran kaya gini ya? 😅",182,2026-09-10T01:38:42Z,50,68,"apple nih bener-bener pinter urusan jualan, leak bentuk dll boleh aja bocor, tapi ternyata kita ngga nyangka kalo ui/ux juga dipikirin mateng jadi kaya nyatu sama devicenya, ditambah lagi dia pake layar matte buat nyamarin crease-nya yang sebetulnya sih ya ada kaya brand lain, jadi kesannya iPhone Duo ya beda dari iphone lain, padahal secara fungsi ya sama aja. apa brand lain gak kepikiran kaya gini ya?",Nyicipin iPhone Duo | Langsung dari Apple Event 2026,Bestindotech,404651,2501,67,SKIPPED,SKIPPED,SKIPPED
fcsNE2B4qKg,UgwvbnqALwL31wYvJGx4AaABAg,I&#39;m a Android user for life and I got to say that this device is still way better than wide fold......it realy looks good.....samsung disappointed me with no s pin this year. I&#39;m still going to hold on to my z fold 6,0,2026-09-11T00:30:34Z,0,43,i'm a android user for life and i got to say that this device is still way better than wide fold.it realy looks good.samsung disappointed me with no s pin this year. i'm still going to hold on to my z fold 6,iPhone Duo - An Android User Tells It Straight,TechTalkTV,284608,4720,43,comparison_samsung,positive,not_buying
NFaOti1zbfA,UgxU8A1-Js2Eq12UMSZ4AaABAg,I thought there will be iPhone ultra. Is that will true,0,2026-09-09T20:54:14Z,0,11,i thought there will be iphone ultra. is that will true,iPhone Duo Vs 18 Pro Max- HANDS-ON Spec Review!!,Matt Talks Tech,251281,9567,11,none / general,neutral,unknown
XRKjMvfYV0o,UgzF6oevN3Ebt4NQghZ4AaABAg,Pro or Pro Max? Im on a fence 😥,0,2026-09-10T12:05:08Z,0,9,pro or pro max? im on a fence,iPhone Duo Hands-On - What You NEED to Know!,The Tech Chap,1269878,8878,8,upgrade,neutral,considering
Od6M0AXpcxQ,Ugwb299CAiq9HIYt2Ct4AaABAg,"I live in Shanghai and China foldables bit is absolutely true! People actually buy 2 phones, 1 for work and whatsoever and another is foldable for playing or watching videos on the subway",676,2026-09-10T15:35:25Z,28,33,"i live in shanghai and china foldables bit is absolutely true! people actually buy 2 phones, 1 for work and whatsoever and another is foldable for playing or watching videos on the subway",iPhone 18 Pro/Duo Impressions: Mogged,Marques Brownlee,22322554,334352,33,foldable_design,neutral,unknown
-88aSO9z8QY,UgzommrtPaTLd76VJcZ4AaABAg,Andhukai mundia tesukunna anna Iphone 17 pro max at 1.18k with cards offers and old mobile exchange.<br>Thanks anna.,0,2026-09-10T05:50:05Z,0,18,andhukai mundia tesukunna anna iphone 17 pro max at 1.18k with cards offers and old mobile exchange. thanks anna.,"Apple Event 2026 🔥 iPhone 18 Pro, Foldable iPhone Duo & iPhone 17 Price Hike in India !",Prasadtechintelugu,891044,14277,19,SKIPPED,SKIPPED,SKIPPED
llGO7HPfJZI,UgzmnwGsmz_5QO2VvD14AaABAg,That Camera start  Samsung Galaxy S9,0,2026-09-10T22:07:05Z,0,6,that camera start samsung galaxy s9,iPhone 18 Pro First Look: The Best iPhone Camera Yet!,CNET,205935,1044,6,comparison_samsung,negative,unknown
TJ-NarZp7U0,UgyBTXt_GD6Jbih6p8d4AaABAg,"Unless you absolutely need a big screen iPad, this one devise can do it all now. I&#39;m mostly impressed with how designers took advantage of the half fold scenarios.",6,2026-09-10T02:44:52Z,4,29,"unless you absolutely need a big screen ipad, this one devise can do it all now. i'm mostly impressed with how designers took advantage of the half fold scenarios.",iPhone Duo Hands-On: I’m VERY Impressed,MacRumors,1138176,8922,29,multitasking,positive,considering
WUFosBPjykE,UgzHEJKILw1csrZOIeh4AaABAg,Ya date por vencido! No te van a invitar nunca jamás! A menos que se revelen los extraterrestres 👽 y el mundo quede boca pa’ rriba,1,2026-09-11T01:54:00Z,0,26,ya date por vencido! no te van a invitar nunca jamás! a menos que se revelen los extraterrestres y el mundo quede boca pa’ rriba,iPhone Duo vs Galaxy Z Fold8 CON CUAL ME QUEDO?,MARCIANOTECH,44696,833,25,SKIPPED,SKIPPED,SKIPPED
4nxx92MRYqI,UgxvI-sq2MP6az-MNwJ4AaABAg,"Ich glaube, auf das Jubiliäums-Iphone zu warten, ist die bessere Option als jetzt ein 18er zu kaufen...",3,2026-09-11T07:17:06Z,1,17,"ich glaube, auf das jubiliäums-iphone zu warten, ist die bessere option als jetzt ein 18er zu kaufen.",Ich habe das iPhone Duo ausprobiert!,Felixba,549913,10042,17,SKIPPED,SKIPPED,SKIPPED
P6x5bFbdfao,UgyYWKQxshZ0de1mzUB4AaABAg,"As a Samsung user for years, I honestly think that they do very well on the folding hinge; the corner of it is completely flat, as for Samsung, it is still sticking out, and the anti-reflection coating is a very smart move to hide the crease",1,2026-09-10T17:35:25Z,0,46,"as a samsung user for years, i honestly think that they do very well on the folding hinge; the corner of it is completely flat, as for samsung, it is still sticking out, and the anti-reflection coating is a very smart move to hide the crease",Is the iPhone Duo Worth It?,Austin Evans,360620,9156,46,display,positive,unknown
22cShlkDEUE,Ugw3Dvc7TkmAFLO1-2F4AaABAg,I have owned many smartphones and I can say without a doubt that the galaxy z fold 8 is the best smartphone to date to ever be released by any manufacturer. The iPhone duo will not beat that z fold 8 form factor and it&#39;s just superb functionality. It&#39;s unmatched as of now.,1,2026-09-12T15:28:26Z,0,53,i have owned many smartphones and i can say without a doubt that the galaxy z fold 8 is the best smartphone to date to ever be released by any manufacturer. the iPhone Duo will not beat that z fold 8 form factor and it's just superb functionality. it's unmatched as of now.,5 Reasons the Samsung Z Fold 8 Crushes the iPhone Duo!,Average Dad,36578,864,53,comparison_samsung,negative,not_buying
RUXrO0KUiwY,UgxjhScDpvFBspVEIfd4AaABAg,It&#39;s not a competition really. People either like IOS or Android,3,2026-09-10T23:17:21Z,0,11,it's not a competition really. people either like ios or android,iPhone Duo vs Galaxy Z Fold 8 - Samsung Is in TROUBLE,sakitech,114064,1265,11,comparison_samsung,neutral,unknown
37N8aRUYnJw,UgzHAsLgwM0NkwisgBl4AaABAg,Anna where to buy tangzu waner sg2 red lion edition in Dubai ? Near mirdiff. Lots of love ❤❤❤,2,2026-09-10T08:23:49Z,0,19,anna where to buy tangzu waner sg2 red lion edition in dubai ? near mirdiff. lots of love,Apple Event 2026 | My Opinion | iPhone Duo | Price Hike !! | Malayalam,CallMeShazzam TECH,773778,14140,18,SKIPPED,SKIPPED,SKIPPED
_oASntPom50,UgwqbGyriY4fjSpJBih4AaABAg,Itne paise nhi hai yr 😢,1,2026-09-10T02:32:36Z,0,6,itne paise nhi hai yr,Apple iPhone 18 Series - Biggest Upgrades Ever 🤯,Next Univerz,898577,9545,5,SKIPPED,SKIPPED,SKIPPED
-YGEQlw8_G4,UgxWy6-sqOwoe2_fRFp4AaABAg,"As much as I love the Duo, I think I can wait for the next-gen Duo when it has Face ID, better cameras &amp; a smaller shape form than it is now.",0,2026-09-13T07:41:55Z,0,32,"as much as i love the duo, i think i can wait for the next-gen duo when it has face id, better cameras & a smaller shape form than it is now.",iPhone Duo & iPhone 18 Pro -- Hands On & First Impressions!,AppleInsider,176771,1143,32,foldable_design,positive,conditional
6AkGhTBtR4o,UgylNIIl0n7RJ6DcZul4AaABAg,"Yes, Iphone cooked very well with Samsung display 😊",18,2026-09-10T13:03:22Z,2,9,"yes, iphone cooked very well with samsung display",iPhone Duo Hands On!,Mrwhosetheboss,14221172,446763,8,display,positive,unknown
zZNms7T1_QM,UgyVroAAlXpjJc6rV654AaABAg,"Ability to stop down to f/4 (vs old fixed f/1.78) is beneficial for shooting video in very bright environments so as to be able to maintain a long enough shutter speed to prevent strobing effect. Remember, iPhone cams aren’t just for still pics.",196,2026-09-12T02:37:58Z,49,43,"ability to stop down to f/4 (vs old fixed f/1.78) is beneficial for shooting video in very bright environments so as to be able to maintain a long enough shutter speed to prevent strobing effect. remember, iphone cams aren’t just for still pics.",I Know Why Apple Put An Aperture In The iPhone 18 Pro,Fstoppers,294747,6619,43,camera,positive,unknown
GKNY8es8lXo,Ugxwi9cbA9Qa43QkuD14AaABAg,Xiamoi pad 9 pro max,0,2026-09-10T16:27:25Z,0,5,xiamoi pad 9 pro max,iPhone 18 Pro vs 17 Pro: Should You Upgrade?,Pratima Adhikari,131727,1308,5,SKIPPED,SKIPPED,SKIPPED
D13WxsEq07A,Ugydz28D7kJ-XAHP2Cx4AaABAg,What is good with the Iphone Duo is that it can charge 50% in 20 minutes and has 48 mp Fusion main camera but no third telephoto camera,2,2026-09-10T02:25:51Z,0,28,what is good with the iPhone Duo is that it can charge 50% in 20 minutes and has 48 mp fusion main camera but no third telephoto camera,"iPhone Duo First Look: Amazing Battery, Features and Zero Crease?!",CNET,37589,641,28,camera,neutral,unknown
LX0VdsBuNow,Ugw8uux9BeXKKlM5AIp4AaABAg,"Te descubrí buscando info sobre iPhone y ha sido una maravilla, explicas todo muy bien y con criterio. Yo siempre he usado Android y estaba pensando en dar el salto a iOS por la cada vez menos libertad que quieren poner en Android, entonces pensaba en el 17.. pero sorpresa para mí ver que ha subido de precio. Y mi pregunta como un extranjero en el tema, es normal? Se esperará alguna oferta para el Black Friday o esto es lo que tendremos hasta que anuncien el 18 base? Sin nada más, muchísimas gracias",4,2026-09-10T06:21:16Z,0,94,"te descubrí buscando info sobre iphone y ha sido una maravilla, explicas todo muy bien y con criterio. yo siempre he usado android y estaba pensando en dar el salto a ios por la cada vez menos libertad que quieren poner en android, entonces pensaba en el 17.. pero sorpresa para mí ver que ha subido de precio. y mi pregunta como un extranjero en el tema, es normal? se esperará alguna oferta para el black friday o esto es lo que tendremos hasta que anuncien el 18 base? sin nada más, muchísimas gracias",Mi Opinión del iPhone Duo,Domingo Gomes,504700,12735,94,SKIPPED,SKIPPED,SKIPPED
dm-ISSgW_-k,Ugz9VCiOYG3NyqCR0j94AaABAg,bro i thought bro accidentaly threw the phone,22,2026-09-09T20:47:20Z,0,8,bro i thought bro accidentaly threw the phone,APPLE GAVE ME AN iPHONE DUO,IShowSpeed,7412323,285708,8,SKIPPED,SKIPPED,SKIPPED
Y2k6t-n8g40,UgxwULS4oN6X05A0SQF4AaABAg,Person like me will put this much money to get customised phone in gold or diamond 😂😂😂😂,0,2026-09-11T09:41:57Z,0,17,person like me will put this much money to get customised phone in gold or diamond,iPhone Duo: Apple’s First Foldable Costs More Than a Small Car in India |  FP Explains,Firstpost,41892,73,16,price,negative,not_buying
qypQmnlFjNk,UgzPwr179z2wB7WQU0x4AaABAg,It will be popular in Asia. Personally I don&#39;t like it because it has no face id and I don&#39;t think it will fit in a pocket.,1,2026-09-10T01:11:53Z,1,27,it will be popular in asia. personally i don't like it because it has no face id and i don't think it will fit in a pocket.,iPhone Duo hands-on,The Verge,634948,4351,27,foldable_design,negative,not_buying
VNzl-q0EGfg,UgyO9TFm4sLc0x8rp0J4AaABAg,The &quot;Mercury I Owe&#39; credit card? How transparent. 😉,1,2026-09-10T17:09:22Z,0,9,"the ""mercury i owe' credit card? how transparent.",I Tested Apple's New FOLDABLE iPhone Duo,Joanna Stern,555070,10857,8,SKIPPED,SKIPPED,SKIPPED
TJ-NarZp7U0,UgzCum2MZpthanDQEiB4AaABAg,Has exceeded all of my expectations if I&#39;m being honest.,6,2026-09-10T05:17:30Z,1,10,has exceeded all of my expectations if i'm being honest.,iPhone Duo Hands-On: I’m VERY Impressed,MacRumors,1138176,8922,10,none / general,positive,considering
LZtsyKe86ZA,Ugwe-Z1HXluiuHM916d4AaABAg,"<a href=""https://www.youtube.com/watch?v=LZtsyKe86ZA&amp;t=5"">0:05</a> Dude on the right is like &quot;why is this guy yelling&quot;",6,2026-09-11T15:08:44Z,1,13,"0:05 dude on the right is like ""why is this guy yelling""",We've tried the iPhone Duo - is it better than the Galaxy Z Fold 8?,TechRadar,22081,158,12,SKIPPED,SKIPPED,SKIPPED
-4ZHytn6LgM,UgwIRhZikqyee-vIDtl4AaABAg,Bhai unpack kb kar rha h 😂😂??,0,2026-09-12T02:20:18Z,0,7,bhai unpack kb kar rha h ??,Apple iPhone Duo Exclusive First Look - World's Best Foldable!🔥🔥🔥,Technical Guruji,665548,7061,7,SKIPPED,SKIPPED,SKIPPED
lTYHROseqno,UgxaHKYBA9FF5eXS8Ch4AaABAg,"The Duo is ugly, looks like the Pixel Fold. I love the Samsung Fold but I chose the flip because the fold is too expensive and i genuinely love the how fun the traditional flip style is when i answer calls and how compact it is in my pocket.",1,2026-09-10T09:00:43Z,0,49,"the duo is ugly, looks like the pixel fold. i love the Galaxy Z Fold 6 but i chose the flip because the fold is too expensive and i genuinely love the how fun the traditional flip style is when i answer calls and how compact it is in my pocket.",iPhone Duo vs. Galaxy Z Fold 8 | Which Design Wins? #foldablephones #apple #samsung,Tom’s Guide,671250,4347,51,foldable_design,negative,not_buying
zZNms7T1_QM,UgzAN8WrAWxTSKoj5Ll4AaABAg,Why is no one talking about the diffraction that will occur when stopping down on such a tiny sensor??,28,2026-09-12T02:35:35Z,8,19,why is no one talking about the diffraction that will occur when stopping down on such a tiny sensor??,I Know Why Apple Put An Aperture In The iPhone 18 Pro,Fstoppers,294747,6619,19,camera,negative,unknown
45HPu4o4hYY,UgyGYVrCoaq0IuXCJOV4AaABAg,Going for black iPhone 18 Pro Max,1,2026-09-11T18:02:03Z,0,7,going for black iPhone 18 Pro Max,iPhone 18 Pro VS 17 Pro - There's a CATCH!,ZONEofTECH,214473,2086,7,none / general,positive,buy
8xTyh6Y_3Ww,UgycUXTUfxKKeetB0ad4AaABAg,iPhone duo 2 or 3 mein lunga jab bhi upgrade karunga 6g mein which is 3-4 years later.(currently using 12 series and iPad 11 plus android so it’s fine overall but will purchase soon big upgrade really excited about duo ),1,2026-09-10T15:06:59Z,1,41,iPhone Duo 2 or 3 mein lunga jab bhi upgrade karunga 6g mein which is 3-4 years later.(currently using 12 series and ipad 11 plus android so it’s fine overall but will purchase soon big upgrade really excited about duo ),iPhone Duo & iPhone 18 Pro Max Hands On & First Look ⚡ The Future Of iPhones!,Trakin Tech,3358162,26236,41,upgrade,positive,conditional
XUzwAiLkkCs,UgyRPKI4Nq3sranN-Kh4AaABAg,You look like an 80s serial killer 😅,3,2026-09-10T15:41:36Z,0,8,you look like an 80s serial killer,iPhone Duo Has A Problem.,AppleTrack,235957,5336,7,SKIPPED,SKIPPED,SKIPPED
-88aSO9z8QY,UgzAWwZFi8Q78t4e1kp4AaABAg,some one dreams became to buy these phones becomes as dream,7,2026-09-10T02:29:10Z,0,11,some one dreams became to buy these phones becomes as dream,"Apple Event 2026 🔥 iPhone 18 Pro, Foldable iPhone Duo & iPhone 17 Price Hike in India !",Prasadtechintelugu,891044,14277,11,price,negative,not_buying
1tf9At4daiU,UgxXhL7E0NNmLnY_pLF4AaABAg,bai problem bi show ho rehi hai wow b btao na ....😅😅😅,5,2026-09-11T01:50:46Z,0,12,bai problem bi show ho rehi hai wow b btao na .,iPhone Duo Vs Samsung Z Fold 8,Utpal Pandey,120490,1739,12,SKIPPED,SKIPPED,SKIPPED
Gr5YK9GHnig,UgyyZT2KsLZ2UAeaoAx4AaABAg,Co to za cegły masakra co Apple zrobiło z iPhone’em,2,2026-09-10T18:37:22Z,3,10,co to za cegły masakra co apple zrobiło z iphone’em,iPhone Duo vs Galaxy Fold 8,Mateusz Krawczyk,161059,539,10,SKIPPED,SKIPPED,SKIPPED
SusdlmIWiyc,UgzH1b-STd0bCdip3qV4AaABAg,255g ? + case = ?,31,2026-09-10T07:15:09Z,5,6,255g ? + case = ?,iPhone Duo Hands-On! New Features + Camera Test,Katarina Mogus,195679,3902,6,price,negative,unknown
3eODZWGo6hE,UgxIFtwkbbtJqvNU4pV4AaABAg,Apple raising prices without making any update is a huge F U to consumers,1,2026-09-09T23:59:49Z,1,14,apple raising prices without making any update is a huge f u to consumers,What Apple DIDN’T Tell You About iPhone 18 Pro & iPhone Duo!,9to5Mac,581845,7820,14,price,negative,not_buying
j-1cRJ-k-ks,UgxDIe8QfJbsl2gkGr94AaABAg,I know that crease going to be heavy after a few months on that matte finish,7,2026-09-10T05:04:58Z,20,16,i know that crease going to be heavy after a few months on that matte finish,iPhone Duo Hands-On - Watch BEFORE You Buy!,SuperSaf,393298,4457,16,durability,negative,unknown
x8XuN3CGqXI,UgytMliQDmVooSJ3t_F4AaABAg,I will be getting the 512 version and returning to the Apple ecosystem,1,2026-09-12T13:12:38Z,1,13,i will be getting the 512 version and returning to the apple ecosystem,iPhone Duo Is INSANE — Here’s Everything You Need to Know,BobbyInBlue,20165,349,13,ecosystem,positive,buy
cinC9VfLKYk,UgzdHnVKz29IwoH4g714AaABAg,"Mmm, not sure about upgrading to watch ultra 4 or iphone 18 pro max. Not enough wow factors for me to change. I have the samsung fold 8 and love it. Again there is nothing shouting at me to go for the duo. I just love the way i can plug in my fold 8 to my computer and drag and drop files, movies and music - too easy. 😅.  The only thing that frustrates me with the fold 8 is no S pen support - damn your eyes Samsung! This is the one highlight i do like about the duo. Will i buy the Duo - probably at some loint because i am.a.sucker for new Tech.",0,2026-09-11T06:37:12Z,0,117,"mmm, not sure about upgrading to watch ultra 4 or iPhone 18 Pro Max. not enough wow factors for me to change. i have the Galaxy Z Fold 6 8 and love it. again there is nothing shouting at me to go for the duo. i just love the way i can plug in my fold 8 to my computer and drag and drop files, movies and music - too easy. . the only thing that frustrates me with the fold 8 is no s pen support - damn your eyes samsung! this is the one highlight i do like about the duo. will i buy the duo - probably at some loint because i am.a.sucker for new tech.",iPhone Duo - We Need to Talk,Mark Ellis Reviews,102007,2388,119,comparison_samsung,neutral,conditional
fBYusyB43z4,UgxRhdbBgXxXiHb0-WN4AaABAg,Any way to get the Pro Controls in another app from the App Store?,1,2026-09-12T05:34:21Z,1,14,any way to get the pro controls in another app from the app store?,iPhone 18 Pro Max / iPhone Duo: DON'T WASTE YOUR MONEY!,Alex Gear & Tech,191934,3003,14,camera,neutral,unknown
xEeWqPmo4H4,UgyeCTBEH4qO3Q1OUTt4AaABAg,nice find ich das Du mal mit links das Duo bedient hast ... scheint gut zu funktionieren .. Danke dafür 🥰,0,2026-09-13T15:25:33Z,0,21,nice find ich das du mal mit links das duo bedient hast . scheint gut zu funktionieren .. danke dafür 🥰,Ich hab' das iPhone Duo ausprobiert...,Alex,227627,8782,21,SKIPPED,SKIPPED,SKIPPED
c6OI7g_6XTU,UgzELLgS7yf9EXu3-394AaABAg,A gente já tá chato isso... Superem,3,2026-09-10T22:34:11Z,1,7,a gente já tá chato isso. superem,IPHONE DUO VS GALAXY Z FOLD8 #galaxyzfold8 #iphoneduo,MATHEWS SÁ ,34032,1663,7,SKIPPED,SKIPPED,SKIPPED
zZNms7T1_QM,Ugyl7hXJ1XUlvHdbKyB4AaABAg,I’m more curious if the aperture blades will survive the use and abuse (the bumps and knocks) that a phone takes.<br>(Which is pretty different to proper camera lens).,2,2026-09-12T03:19:52Z,3,28,i’m more curious if the aperture blades will survive the use and abuse (the bumps and knocks) that a phone takes. (which is pretty different to proper camera lens).,I Know Why Apple Put An Aperture In The iPhone 18 Pro,Fstoppers,294747,6619,29,durability,negative,unknown
cinC9VfLKYk,UgwgtNxzp7Fie1FaNUB4AaABAg,"Before I decide to take a mortgage 😜 what about calls? This is a phone, we have made believe, but they have not mentioned anything about it. Is there a list what apps are compatible with it?",0,2026-09-11T05:50:19Z,0,37,"before i decide to take a mortgage what about calls? this is a phone, we have made believe, but they have not mentioned anything about it. is there a list what apps are compatible with it?",iPhone Duo - We Need to Talk,Mark Ellis Reviews,102007,2388,36,price,negative,considering
dik6v1Pj6PA,Ugw4_6XmiGIblD1Y-K94AaABAg,"<a href=""https://www.youtube.com/watch?v=dik6v1Pj6PA&amp;t=204"">3:24</a> 😅 samsung or xiaomi bhi like yeah to dhoti khol raha hai 😂",4,2026-09-10T18:44:55Z,1,15,3:24 samsung or xiaomi bhi like yeah to dhoti khol raha hai,iPhone 18 pro max - Breakdown 🤯,HFV Unbox,18859,476,12,SKIPPED,SKIPPED,SKIPPED
mp3FOz5rdB8,UgyASDlamveNBc6MFNd4AaABAg,"Melihat seri Foldable Phone kebanyakan, Form Factor HP lipat Seperti Huawei Mate X (angka) Series jadi Salah satu pembawa tren Bentuk Foldable Minimalis, Ringan Krn ukuran bisa di Pangkas ke Bentuk seperti Buku Paspor yg udah Mungil 😂. Baru rilis seri pertama aja, gebrakan fitur yang hanya ada di seri mereka dan pesaing masing minus di situ ; Integrated Pen Wireless (walau belum tau Pen cuma nempel Frame atau ada Lubang Slot Pen buat dipakai)",0,2026-09-13T01:20:59Z,0,75,"melihat seri foldable phone kebanyakan, form factor hp lipat seperti huawei mate x (angka) series jadi salah satu pembawa tren bentuk foldable minimalis, ringan krn ukuran bisa di pangkas ke bentuk seperti buku paspor yg udah mungil . baru rilis seri pertama aja, gebrakan fitur yang hanya ada di seri mereka dan pesaing masing minus di situ ; integrated pen wireless (walau belum tau pen cuma nempel frame atau ada lubang slot pen buat dipakai)",Ga bisa stop senyum soal iPhone Duo & iPhone 18 Pro!!! 😆,GadgetIn,3389996,25862,75,SKIPPED,SKIPPED,SKIPPED
AR6VPvZDEW8,UgxYQqsV6yPoMeRe1954AaABAg,"🙂<br>Etne metoo MacBook m5 pro ya koi achaa khasa gaming laptop ya good PC build hojayega <br><br><br><br><br><br><a href=""https://www.youtube.com/watch?v=AR6VPvZDEW8&amp;t=693"">11:33</a>",1,2026-09-10T15:39:14Z,0,18,etne metoo macbook m5 pro ya koi achaa khasa gaming laptop ya good pc build hojayega 11:33,I Spent 2 Hours with the iPhone DUO and 18 Pro Max !,TechBar,682611,7652,17,SKIPPED,SKIPPED,SKIPPED
6IOOxlyl2JI,Ugwnpey4Ll14lU_u7794AaABAg,Vat refund form bill milte hain ji.. <br>Reply karo ji.. waiting,0,2026-09-10T18:47:22Z,0,11,vat refund form bill milte hain ji.. reply karo ji.. waiting,iPhone 18 Pro Max Price in Dubai 🇦🇪 | iPhone Duo First Foldable Price Revealed! | IPhone Price Dubai,Dxb Vlogs,114368,537,11,SKIPPED,SKIPPED,SKIPPED
xEeWqPmo4H4,UgxnciAxFgCmqL_1U3J4AaABAg,"Muss das neue Duo jetzt nicht haben, aber es sieht schon nice aus",0,2026-09-13T09:54:47Z,0,13,"muss das neue duo jetzt nicht haben, aber es sieht schon nice aus",Ich hab' das iPhone Duo ausprobiert...,Alex,227627,8782,13,SKIPPED,SKIPPED,SKIPPED
dik6v1Pj6PA,UgwM1uFBrY-Xqi5dkiR4AaABAg,Bhai kya iPhone 15 pro max Lena aacha discussion hai aabhi k liye<br>Used me hai ekdum solid condition me,1,2026-09-10T13:06:00Z,0,19,bhai kya iphone 15 pro max lena aacha discussion hai aabhi k liye used me hai ekdum solid condition me,iPhone 18 pro max - Breakdown 🤯,HFV Unbox,18859,476,20,SKIPPED,SKIPPED,SKIPPED
FkQ40fd3Ge4,UgzLB8kT2lXpR1DNjF94AaABAg,1300 dollar price no charger 😢,0,2026-09-09T19:58:24Z,0,6,1300 dollar price no charger,iPhone 18 Pro & 18 Pro Max - First Look & Hands-On!,Brian Tong,642927,4236,5,price,negative,not_buying
eei604kBYuk,Ugzo5d3yDvpegCJZxJd4AaABAg,Ima wait.. Hopefully they come out with a pink one!,0,2026-09-11T19:03:28Z,0,10,ima wait.. hopefully they come out with a pink one!,iPhone Duo - First impressions 😍,iJustine,458662,8021,10,foldable_design,positive,conditional
2qNfOa5AuVU,UgxDCXMYFV5tZFrOzQt4AaABAg,"My fold 5 did all of those things and Samsung has that side menu on all phones, but it hides itself unless swiped.",0,2026-09-10T05:58:53Z,0,23,"my fold 5 did all of those things and samsung has that side menu on all phones, but it hides itself unless swiped.",I Tried the iPhone Duo... Is It Worth It?,Tom’s Guide,314367,3007,23,comparison_samsung,negative,not_buying
SusdlmIWiyc,Ugz7FJsx09iYo-4E4LF4AaABAg,can you have two apps in portrait mode?,0,2026-09-12T21:29:00Z,0,8,can you have two apps in portrait mode?,iPhone Duo Hands-On! New Features + Camera Test,Katarina Mogus,195679,3902,8,multitasking,neutral,unknown
KotsQRdeOiA,UgzBzRcfuJ9rMPROCe54AaABAg,Assam kaziranga wildlife national park main 5 star building apartment banne ja raha hai iske bare main kuch news banaye,0,2026-09-11T07:12:23Z,0,20,assam kaziranga wildlife national park main 5 star building apartment banne ja raha hai iske bare main kuch news banaye,Decode: iPhone Duo —साढ़े 4 लाख का Foldable iPhone! | Sudhir Chaudhary | Most Expensive Apple iPhone,DD News,856690,3803,20,SKIPPED,SKIPPED,SKIPPED
kNWg7AxUmuA,UgyljToWi7tW1uXTafx4AaABAg,"I think it&#39;s because a majority of folks did not want to move to android in order to have a foldable. Now that ios has a foldable, it may boost that 1.5% up a bit. iPhone is the phone 80% of the world uses and to have what android has without having to fully switch,could be the ticket. Only time will tell. I feel it&#39;s too early to scrap it just yet.  I have been an fold user since the 1st fold and currently have the fold 7, and I have to say I am curious to see how this goes.",0,2026-09-11T00:08:47Z,0,101,"i think it's because a majority of folks did not want to move to android in order to have a foldable. now that ios has a foldable, it may boost that 1.5% up a bit. iphone is the phone 80% of the world uses and to have what android has without having to fully switch,could be the ticket. only time will tell. i feel it's too early to scrap it just yet. i have been an fold user since the 1st fold and currently have the fold 7, and i have to say i am curious to see how this goes.",iPhone Duo reality check!,C. Scott Brown,130587,2631,101,foldable_design,positive,considering
gyWJ3oyNGRI,Ugyw-GB7taXp5y_i4Tl4AaABAg,What’s the name of that game lol,0,2026-09-10T05:30:31Z,0,7,what’s the name of that game lol,iPhone 18 Pro - What’s Actually New!,UrAvgConsumer,439741,3706,7,SKIPPED,SKIPPED,SKIPPED
3CuVXWPdF-4,UgxFBQaRNUtii6oxxn54AaABAg,Glacier is the best colour this year.,6,2026-09-11T19:36:18Z,0,7,glacier is the best colour this year.,iPhone 18 Pro Hands-On: All New Colors Compared,Nikias Molina,360594,3666,7,SKIPPED,SKIPPED,SKIPPED
XUzwAiLkkCs,UgwpEx6FzCsycjHMBFB4AaABAg,"You&#39;re wrong, iPhone Duo is definitely the best duo phone in the history. (A big win over surface Duo)",4,2026-09-10T09:19:26Z,1,19,"you're wrong, iPhone Duo is definitely the best duo phone in the history. (a big win over surface duo)",iPhone Duo Has A Problem.,AppleTrack,235957,5336,19,foldable_design,positive,unknown
F6P97QVeuTA,UgzpFFfbcyatmRYOGap4AaABAg,I don’t get it i thought the reason they returned to aluminum case bcuz of overheating now they used it again for iphone Duo😅,0,2026-09-11T06:42:58Z,0,24,i don’t get it i thought the reason they returned to aluminum case bcuz of overheating now they used it again for iPhone Duo,iPhone Duo vs 17 Pro - The TRUTH about Upgrading..,Max Tech,182411,1897,24,performance,negative,unknown
FkQ40fd3Ge4,UgwRV41fzMDe7EDlXdp4AaABAg,Still watching ❤ Never had an iPhone in my life… maybe one day 🤞📱,2,2026-09-10T01:56:14Z,0,14,still watching never had an iphone in my life… maybe one day 🤞,iPhone 18 Pro & 18 Pro Max - First Look & Hands-On!,Brian Tong,642927,4236,13,none / general,positive,conditional
6AkGhTBtR4o,Ugx93GaqRVIhA6MgMYR4AaABAg,dang they should put that texture on a new iPad and make it like that so that you at least get your full screen instead of a border,6,2026-09-10T11:44:39Z,0,28,dang they should put that texture on a new ipad and make it like that so that you at least get your full screen instead of a border,iPhone Duo Hands On!,Mrwhosetheboss,14221172,446763,28,display,positive,unknown
F6P97QVeuTA,Ugw1LTbeq6_i929TUpR4AaABAg,Apple did a great job for their first foldable. A few things to improve for next year. They need to make it so people who are left handed can use it since its meant to be held in your right hand only. Front facing camera on outer display is 12MP make it 18MP. The UDC on the inner screen is complete garbage change it to a hole punch. The back cameras are mid upgrade them and add a 3rd lens. Try to add an antireflective screen on outer display.,0,2026-09-10T14:31:40Z,0,89,apple did a great job for their first foldable. a few things to improve for next year. they need to make it so people who are left handed can use it since its meant to be held in your right hand only. front facing camera on outer display is 12mp make it 18mp. the udc on the inner screen is complete garbage change it to a hole punch. the back cameras are mid upgrade them and add a 3rd lens. try to add an antireflective screen on outer display.,iPhone Duo vs 17 Pro - The TRUTH about Upgrading..,Max Tech,182411,1897,89,foldable_design,neutral,conditional
fBYusyB43z4,UgxUYzOMspr27VyOeGx4AaABAg,"Question? ❤❤🧐<br>If you had an iPhone Air because you love the weight, screen, being very happy with the battery only a bit unhappy because of the camera, would you you trade it for the iPhone 18 pro max? Don’t know what to do 😢",0,2026-09-11T20:31:55Z,0,44,"question? 🧐 if you had an iphone air because you love the weight, screen, being very happy with the battery only a bit unhappy because of the camera, would you you trade it for the iPhone 18 Pro Max? don’t know what to do",iPhone 18 Pro Max / iPhone Duo: DON'T WASTE YOUR MONEY!,Alex Gear & Tech,191934,3003,44,camera,neutral,considering
IMLcY2WEzi0,Ugzhrp-jCZf-0I41HP54AaABAg,Manoj bhai har vodeyo me ak gaming  fhon laya karo,0,2026-09-08T08:35:08Z,0,10,manoj bhai har vodeyo me ak gaming fhon laya karo,iPhone Duo & iPhone 18 Pro Max First Look - A New Battle Begins!,Technology Gyan,2197410,18262,10,SKIPPED,SKIPPED,SKIPPED
YdGwx_k5qig,Ugy_IM9gbycIYhZpf8R4AaABAg,"Once upon a time,he was the most viewed and hyped tech YouTuber!",0,2026-09-10T04:01:59Z,0,12,"once upon a time,he was the most viewed and hyped tech youtuber!",iPhone 18 Pro & iPhone Duo Exclusive First Look!🔥🔥🔥,Technical Guruji,2098818,19454,12,SKIPPED,SKIPPED,SKIPPED
OVtcgqufnHc,UgyK3_CsDw_Rt7R5qg14AaABAg,thank you for the video,1,2026-09-10T12:56:51Z,0,5,thank you for the video,Apple's Official iPhone Duo Cases: Are They Worth It?,AppleInsider,956178,5301,5,SKIPPED,SKIPPED,SKIPPED
PCkZ5pfo-pI,UgxImOPCPZwNb88-_UJ4AaABAg,Apple are known to produce a good looking black iPhone but now it looks hideous,0,2026-09-11T13:13:10Z,0,15,apple are known to produce a good looking black iphone but now it looks hideous,iPhone 18 Pro Max - Watch BEFORE You Buy!,SuperSaf,658916,4461,15,foldable_design,negative,unknown
6D__H_DO2Xk,Ugw2VRADEL2Zh3FHz6p4AaABAg,"In Sweden, it costs from 27,000 SEK / 2,784  USD (256 GB) to 44,000 SEK / 4,537 USD (2 TB). 44,000 SEK is 1.5 times the average monthly salary after tax.",50,2026-09-12T23:41:32Z,8,31,"in sweden, it costs from 27,000 sek / 2,784 usd (256 gb) to 44,000 sek / 4,537 usd (2 tb). 44,000 sek is 1.5 times the average monthly salary after tax.",iPhone Duo: What We Missed!,Marques Brownlee,6133887,100570,31,price,negative,not_buying
02KQtlid_Kc,UgzzYsBued9b2fKyp8F4AaABAg,nintendo switch is my fav,0,2026-09-12T13:57:21Z,0,5,nintendo switch is my fav,"Unboxing $7,300 Apple Mystery Box.. IPHONE DUO INSIDE!?!?",XtremeGamez,35224,591,5,SKIPPED,SKIPPED,SKIPPED
6hk7XrX_Xhg,UgzRmXRE4cUo6yrhbWN4AaABAg,"Apple is playing the Fortuner game in India.. and just like the fortuner, I am sure people will buy it even though its a complete rip off for something that will be obsolete in a few years!",15,2026-09-10T06:41:19Z,0,37,"apple is playing the fortuner game in india.. and just like the fortuner, i am sure people will buy it even though its a complete rip off for something that will be obsolete in a few years!",iPhone Duo First Look Because Second Look I Can't Afford,Trakin Tech English,173074,1376,37,price,negative,not_buying
Zt-fS0DH8BQ,UgxDy2cpwEjnxfDhSTN4AaABAg,Just tried Amber at -50/+50 and it’s great! But what about palette? Leave at 100?,0,2026-09-11T01:55:10Z,0,15,just tried amber at -50/+50 and it’s great! but what about palette? leave at 100?,iPhone 18 Pro & Duo: A Photographer's Reaction,Tyler Stalman,521951,6481,15,SKIPPED,SKIPPED,SKIPPED
Od6M0AXpcxQ,UgyeGWFWgpUAh49VXmd4AaABAg,"“Duo, because the screen looks like the letter D.”<br><br>I cannot unsee it now.",2629,2026-09-10T12:16:10Z,24,13,"“duo, because the screen looks like the letter d.” i cannot unsee it now.",iPhone 18 Pro/Duo Impressions: Mogged,Marques Brownlee,22322554,334352,14,SKIPPED,SKIPPED,SKIPPED
lTYHROseqno,UgxklqLAzkVS8wWklVB4AaABAg,"I think I’d still use the iPhone duo over a galaxy fold, not really taking into account wanting to stay with the iPhone software, but I just like the rounded edges better then the galaxy fold",0,2026-09-10T19:43:01Z,0,36,"i think i’d still use the iPhone Duo over a galaxy fold, not really taking into account wanting to stay with the iphone software, but i just like the rounded edges better then the galaxy fold",iPhone Duo vs. Galaxy Z Fold 8 | Which Design Wins? #foldablephones #apple #samsung,Tom’s Guide,671250,4347,36,foldable_design,positive,buy
j-1cRJ-k-ks,UgwhCz3LNj7jjSZPegV4AaABAg,I’m a pro max user since the 11 Pro Max. <br>Wasn’t thinking about the Duo but the multitasking is a STEAL!,0,2026-09-10T10:41:37Z,0,21,i’m a pro max user since the 11 pro max. wasn’t thinking about the duo but the multitasking is a steal!,iPhone Duo Hands-On - Watch BEFORE You Buy!,SuperSaf,393298,4457,21,multitasking,positive,considering
Zt-fS0DH8BQ,UgxrEgGcf0NQrAQ7vs14AaABAg,There’s almost zero perceptible bokeh increase come on. lol. But definitely more light,0,2026-09-10T20:48:08Z,0,13,there’s almost zero perceptible bokeh increase come on. lol. but definitely more light,iPhone 18 Pro & Duo: A Photographer's Reaction,Tyler Stalman,521951,6481,13,camera,neutral,unknown
3ZiCdk7XDkQ,UgwbdRemGhmnrK0D9Dp4AaABAg,"I would love to win it. I love photography, but I&#39;ve never had the chance to practice and make the most of it because I&#39;ve never had a phone with a decent camera. I hope I win! 😁❤️",1,2026-09-12T13:13:49Z,0,38,"i would love to win it. i love photography, but i've never had the chance to practice and make the most of it because i've never had a phone with a decent camera. i hope i win!",iPhone Duo Unboxing | iPhone Duo Giveaway |🔥,Tech NEO,31836,0,37,SKIPPED,SKIPPED,SKIPPED
j6ntcn6pJ3c,UgzmvEB1Ij4AyHX2GIF4AaABAg,Ciao Andrea domanda che sorge spontanea ma se hanno fatto la telecamera frontale per l’iPhone duo che si nasconde sotto lo schermo perché non l’hanno fatto anche per il pro? Non ha più senso adesso la Dynamic Island …,0,2026-09-12T16:19:25Z,0,39,ciao andrea domanda che sorge spontanea ma se hanno fatto la telecamera frontale per l’iPhone Duo che si nasconde sotto lo schermo perché non l’hanno fatto anche per il pro? non ha più senso adesso la dynamic island …,iPHONE DUO: L'HO PROVATO e VI RISPONDO!,andreagaleazzi,571873,9593,39,SKIPPED,SKIPPED,SKIPPED
qypQmnlFjNk,UgzKunvNHKZnuN-noYJ4AaABAg,Watching on my fold 8 and zero regrets 😂,0,2026-09-11T15:30:09Z,0,9,watching on my fold 8 and zero regrets,iPhone Duo hands-on,The Verge,634948,4351,8,comparison_samsung,positive,not_buying
sFUgNIz1Jjc,UgzgI85aeeB8n2o6l894AaABAg,You could buy a Car with tht Duo phone price.. WTH is happening with such prices,0,2026-09-12T06:39:00Z,0,16,you could buy a car with tht duo phone price.. wth is happening with such prices,iPhone Duo vs Galaxy Z Fold 8: Ultimate Foldable Comparison | Tech360,NDTV,317540,3206,16,price,negative,not_buying
6ZUSwjw8ivM,Ugz2k4z6M_b2TOzHyZB4AaABAg,Pros:<br>- Night stand clock mode.<br>- Kid cue feature (similar to Pixel 11 Pro Fold).<br>- CPU.  The most powerful CPU on the Fold market.  Geekbench 6 scores are out.<br>- 4k 120hz unfolded screen.<br>- 30 hours of battery during video playback.<br>- A good main camera (no RAW photo option).  48 mp camera.<br>- 4k 120hz video recording in HDR.,0,2026-09-10T00:56:47Z,0,56,pros: - night stand clock mode. - kid cue feature (similar to pixel 11 pro fold). - cpu. the most powerful cpu on the fold market. geekbench 6 scores are out. - 4k 120hz unfolded screen. - 30 hours of battery during video playback. - a good main camera (no raw photo option). 48 mp camera. - 4k 120hz video recording in hdr.,The $1999 iPhone Duo - Everything You Need To Know from Apple,Soldier Knows Best,40812,516,63,performance,positive,unknown
0tByRTONOrA,UgxZ371M__xDuY5GQEZ4AaABAg,Warikoo to fraud hai bhai 😂,1,2026-09-10T07:13:53Z,0,6,warikoo to fraud hai bhai,Apple iPhone 18 Pro & iPhone Duo Price #shorts,Gyan Therapy,1489849,61199,5,SKIPPED,SKIPPED,SKIPPED
3zFORkKWLOA,UgxjA93SNlkdiT7FOZB4AaABAg,4th pilar ho ap  tech news channel ho ap ap greeb k tech wale bhaiya ho,10,2026-09-10T19:52:28Z,0,16,4th pilar ho ap tech news channel ho ap ap greeb k tech wale bhaiya ho,3 lakh 🤙 | iPhone 18 duo | iphone 18 pro | iPhone 18 pro max Roast | Technical Dost ,Technical Dost,1008931,24547,16,SKIPPED,SKIPPED,SKIPPED
oiu43QVvtV0,UgysWlkMqaIlK8m9sZJ4AaABAg,“Apple added a Matt finish so you can’t see the crease”<br><br>Oh wow matte finish! What will they think of next! 10% thinner next year.,5,2026-09-09T21:11:29Z,3,24,“apple added a matt finish so you can’t see the crease” oh wow matte finish! what will they think of next! 10% thinner next year.,📱Hands on with Apple's new foldable iPhone Duo,Reuters,644466,4220,25,display,negative,not_buying
bhziptdoF1s,Ugzz6uKZ2Jw9pb6Jh0F4AaABAg,Mais a sansung também deixou o vinco imperceptível e com a tela anti reflexo no z fold 8,2,2026-09-10T13:06:01Z,1,18,mais a sansung também deixou o vinco imperceptível e com a tela anti reflexo no z fold 8,IPHONE DUO vs Z FOLD 8 #iphoneduo #galaxyzfold8 #zfold8,Gabriel Miranda,37045,1161,18,SKIPPED,SKIPPED,SKIPPED
-pdEDrDFRmU,UgwEcqSvn9soRBjnhhZ4AaABAg,Did he say no Face ID?,0,2026-09-10T03:03:39Z,0,6,did he say no face id?,iPhone Duo Hands-On and First Look,EMKWAN REVIEWS,233084,797,6,foldable_design,negative,unknown
3eODZWGo6hE,UgyH_Z7xOz5TY9ZRkq94AaABAg,Can you screen mirror from Mac to iPhone Duo like you can with an iPad?,1,2026-09-10T00:26:39Z,0,15,can you screen mirror from mac to iPhone Duo like you can with an ipad?,What Apple DIDN’T Tell You About iPhone 18 Pro & iPhone Duo!,9to5Mac,581845,7820,15,ecosystem,neutral,unknown
8Vh_zxj64-c,UgzCX7G6RxRfpQxb_5B4AaABAg,Samsung Fold costs similar or the same,0,2026-09-10T05:39:32Z,0,7,Galaxy Z Fold 6 costs similar or the same,iPhone Duo is SO Expensive...,Andres Vidoza,272620,7327,9,price,neutral,unknown
xwH79BeZreU,Ugzui0UGpfZUqfjHWJt4AaABAg,Can you do a video for the new Apple Watch Ultra Bands?,0,2026-09-12T18:11:36Z,0,12,can you do a video for the new apple watch ultra bands?,Hands On: Apple's TechWoven Cases for iPhone 18 Pro,AppleInsider,79261,625,12,SKIPPED,SKIPPED,SKIPPED
kb8yuvdbbq8,UgxMgrNNyAKStxNAD_R4AaABAg,"Z FOLD 8 HERE: <a href=""https://click.linksynergy.com/deeplink?id=PmoDGtUOKOo&amp;mid=47773&amp;murl=https%3A%2F%2Fwww.samsung.com%2Fus%2Fsmartphones%2Fgalaxy-z-fold8%2F"">https://click.linksynergy.com/deeplink?id=PmoDGtUOKOo&amp;mid=47773&amp;murl=https%3A%2F%2Fwww.samsung.com%2Fus%2Fsmartphones%2Fgalaxy-z-fold8%2F</a> (affiliate)",3,2026-09-12T08:51:36Z,0,7,z fold 8 here: (affiliate),iPhone Duo vs Z Fold 8 // Just Stop It!,TechOdyssey,40486,1008,5,SKIPPED,SKIPPED,SKIPPED
o91cibE-MYc,Ugw3o6KXzvna6tpVtZd4AaABAg,I like it! Hey why not?!  😅,1,2026-09-10T00:33:37Z,0,7,i like it! hey why not?!,First impressions of the foldable iPhone Duo — Apple's biggest iPhone redesign ever,CNBC Television,242696,1009,6,none / general,positive,considering
BMWXCpU1A6A,UgxySbQbrlIP4xMYcGN4AaABAg,S27 pro and ultra will have a new design!,5,2026-09-10T20:59:36Z,0,9,s27 pro and ultra will have a new design!,iPhone 18 Pro Max vs Samsung Galaxy S26 Ultra - Did NOT Expect This.,XEETECHCARE,159368,1150,9,comparison_samsung,neutral,unknown
2qNfOa5AuVU,UgwAw6OKB7ENnP-wquF4AaABAg,Can’t wait to try it out 😂🎉,0,2026-09-10T01:04:09Z,0,7,can’t wait to try it out,I Tried the iPhone Duo... Is It Worth It?,Tom’s Guide,314367,3007,6,none / general,positive,considering
kv1stWvpYbU,UgyNwnwQqf0xGvRTxrx4AaABAg,"I have an iPhone 12 which I use as an unlimited hotspot only, an iPhone 16 ProMax which overheats during my live streams sometimes, an iPhone 17 ProMax and just ordered the iPhone 18 ProMax but has the cooling system so I will let my hubby have the iPhone 16 because it would work for him, if he wants it",1,2026-09-13T05:33:52Z,0,60,"i have an iphone 12 which i use as an unlimited hotspot only, an iphone 16 promax which overheats during my live streams sometimes, an iphone 17 promax and just ordered the iPhone 18 Pro Max but has the cooling system so i will let my hubby have the iphone 16 because it would work for him, if he wants it",iPhone 18 Pro vs iPhone 17 Pro: A MUCH Bigger Upgrade Than It Looks!,AppleInsider,102834,849,61,performance,positive,buy
-88aSO9z8QY,UgypjuJHWDOIpXXRBRN4AaABAg,Price marindi anna inka em maraledu,0,2026-09-10T04:01:14Z,0,6,price marindi anna inka em maraledu,"Apple Event 2026 🔥 iPhone 18 Pro, Foldable iPhone Duo & iPhone 17 Price Hike in India !",Prasadtechintelugu,891044,14277,6,SKIPPED,SKIPPED,SKIPPED
cinC9VfLKYk,UgzjxLstzyk_gMMqOf14AaABAg,"I was hoping for the miracle of no crease but there is a crease. So, I’ll buy nothing. I’ll keep my nothing phone as long as possible.",0,2026-09-11T03:54:38Z,0,27,"i was hoping for the miracle of no crease but there is a crease. so, i’ll buy nothing. i’ll keep my nothing phone as long as possible.",iPhone Duo - We Need to Talk,Mark Ellis Reviews,102007,2388,27,display,negative,not_buying
0cHGpPNnIEw,UgzPDqgXXkV7Lb_39hl4AaABAg,Mas na excite pa ako dun sa iphone 18 na base variant kaysa sa duo na yan 😂,0,2026-09-11T15:24:04Z,0,18,mas na excite pa ako dun sa iPhone 18 na base variant kaysa sa duo na yan,"Apple Event 2026 Recap: iPhone DUO, iPhone 18 Pro, Airpods 5 and MORE!",Mary Bautista,384605,2351,17,SKIPPED,SKIPPED,SKIPPED
6AkGhTBtR4o,Ugw00wUbuTplwh3fJyp4AaABAg,"didnt expect zzz included on iphone duo, nice",94,2026-09-10T14:08:46Z,5,8,"didnt expect zzz included on iPhone Duo, nice",iPhone Duo Hands On!,Mrwhosetheboss,14221172,446763,8,ai_siri,positive,unknown
CEgynoERrqc,UgxP0URTiV6iPO-oEl14AaABAg,"common! 2000 bucks for animation and crease!! Spend money wisely, people",4,2026-09-10T11:38:42Z,1,11,"common! 2000 bucks for animation and crease!! spend money wisely, people",iPhone Duo Impressions - They NAILED This,Dave2D,1583371,30481,11,price,negative,not_buying
GZPKac9mu0o,UgzD-6qYorEIXVd4jkN4AaABAg,Every Tech Youtuber is singing the song of Apple Foldable Phone. Promotions and hyped based advertisements SIMPLY  for Dollars..,172,2026-09-11T19:11:20Z,12,19,every tech youtuber is singing the song of iPhone Duo phone. promotions and hyped based advertisements simply for dollars..,iPhone Duo vs Samsung Galaxy Z Fold 8 - This is Embarrassing.,XEETECHCARE,275304,2616,19,none / general,negative,not_buying
cinC9VfLKYk,Ugxf3S2tZxZ0LeonOBB4AaABAg,Waiting for the inevitable iPhone Duo Max,0,2026-09-11T00:48:57Z,0,7,waiting for the inevitable iPhone Duo max,iPhone Duo - We Need to Talk,Mark Ellis Reviews,102007,2388,7,foldable_design,neutral,conditional
PCkZ5pfo-pI,Ugzol9p46JdZBVmLSAd4AaABAg,Buying a &#39;similar&#39; expensive phone every year is crazy. People are buying the name. Phone companies need to step their game up... Apple!,0,2026-09-11T06:15:18Z,0,23,buying a 'similar' expensive phone every year is crazy. people are buying the name. phone companies need to step their game up. apple!,iPhone 18 Pro Max - Watch BEFORE You Buy!,SuperSaf,658916,4461,23,price,negative,not_buying
SHelsHvThtw,UgwwiQLaFDHpGVqvwHd4AaABAg,"Still happy ưith my 1y old Fold 7. Hope fold 9 will include the Spen, then maybe i will upgrade.",1,2026-09-10T14:10:29Z,0,20,"still happy ưith my 1y old fold 7. hope fold 9 will include the spen, then maybe i will upgrade.",EVERY WAY the Z Fold 8 is BETTER than the iPhone Duo!,Tech with Benefits,163539,2978,20,comparison_samsung,neutral,not_buying
0LtEGpckqdM,UgxX2mEOtFvbdWarVDp4AaABAg,Duo is about $1k more expensive than fold 8 in Australia,35,2026-09-10T21:42:08Z,14,11,duo is about $1k more expensive than fold 8 in australia,iPhone Duo vs Galaxy Z Fold 8... DON'T Buy the Wrong One!,Matt Talks Tech,155005,3591,11,price,negative,not_buying
cinC9VfLKYk,UgwTQc9R_kVNddS4WrV4AaABAg,"I didn&#39;t realize that you were an Apple fanboy since I&#39;m new to this channel!  All joking aside, I hope that it lives up to the hype that you and many other tech reviewers have given it thus far.",1,2026-09-10T20:51:02Z,0,39,"i didn't realize that you were an apple fanboy since i'm new to this channel! all joking aside, i hope that it lives up to the hype that you and many other tech reviewers have given it thus far.",iPhone Duo - We Need to Talk,Mark Ellis Reviews,102007,2388,39,none / general,neutral,unknown
1tf9At4daiU,UgwyOgvvsOh-bcGK7Bl4AaABAg,Apple is doing best to keep the hype of the duo but in real life audience trolling their products only😅,5,2026-09-11T04:00:46Z,0,20,apple is doing best to keep the hype of the duo but in real life audience trolling their products only,iPhone Duo Vs Samsung Z Fold 8,Utpal Pandey,120490,1739,20,none / general,negative,not_buying
pUO6K5uY8OI,UgwtNvrFlYkLOtppOYZ4AaABAg,I&#39;ll buy a top end custom PC and buy a cheap midrange CMF phone with the same price instead,0,2026-09-10T12:23:34Z,0,19,i'll buy a top end custom pc and buy a cheap midrange cmf phone with the same price instead,iPhone 18 Pro & iPhone Duo India Prices Are Shocking!,Beebom,648313,7063,19,price,negative,not_buying
5pV3D14y1FQ,UgxtE01Y6HBwiUKS8Ux4AaABAg,Samsung: Here’s Fold 8.<br><br>Apple: Here’s our first one.,269,2026-09-10T13:09:25Z,7,8,samsung: here’s fold 8. apple: here’s our first one.,iPhone Duo/18 Pro Hands On - I wasn’t ready,Mrwhosetheboss,11503721,131416,9,comparison_samsung,negative,unknown
vDPlRTGSDy0,UgxlveH3DZh_gDxJ6U14AaABAg,Looks great but definitive stay on my 16 pro,0,2026-09-10T20:50:47Z,0,9,looks great but definitive stay on my 16 pro,iPhone 18 Pro All New Colors Hands-on,EMKWAN REVIEWS,537094,3189,9,upgrade,positive,not_buying
WNrTTwGewfA,Ugz1VpfLYTWXUCGFZRx4AaABAg,I prefer the styling of the Samsung. I&#39;ve never owned a foldable before out of durability concerns but if I ever get one I would probably get the clamshell form factor of a Galaxy Flip or Moto RAZR.,4,2026-09-11T17:05:17Z,1,38,i prefer the styling of the samsung. i've never owned a foldable before out of durability concerns but if i ever get one i would probably get the clamshell form factor of a galaxy flip or moto razr.,The iPhone Duo Is Great… So Why Do I Still Want the Z Fold 8?,TechnicallyTee,36298,987,38,durability,negative,not_buying
q-EkmUyqXas,UgzdPgDCIwzW1cfyTx94AaABAg,It is literally no different from the iPhone 17 Pro Max,1,2026-09-10T00:41:28Z,0,11,it is literally no different from the iphone 17 pro max,iPhone 18 Pro Max – ALL NEW FEATURES + Should You BUY It?,Karl Conrad,697692,2989,11,upgrade,negative,not_buying
kb8yuvdbbq8,UgwZRjERJVCZAdeqCQh4AaABAg,"Some people like Android phones, some people don&#39;t.  Even if the Duo and Fold were identical in every other way, there would be a market for both.",11,2026-09-12T17:25:44Z,0,27,"some people like android phones, some people don't. even if the duo and fold were identical in every other way, there would be a market for both.",iPhone Duo vs Z Fold 8 // Just Stop It!,TechOdyssey,40486,1008,27,comparison_samsung,neutral,unknown
BaCydU1nD2Q,UgxMUE4UFSN0m5svHwx4AaABAg,He&#39;s reaction like he never saw foldable before    so  natural reaction,84,2026-09-09T22:27:53Z,5,11,he's reaction like he never saw foldable before so natural reaction,iShowSpeed Reacts To The Brand New Foldable iPhone Duo 🤯,Speedy Boykins,124034,794,11,SKIPPED,SKIPPED,SKIPPED
o91cibE-MYc,UgzcU1yx3oZ6AMQYgqF4AaABAg,No crease when they are new. Just give it a few days of opening and closing.,17,2026-09-09T21:45:11Z,2,16,no crease when they are new. just give it a few days of opening and closing.,First impressions of the foldable iPhone Duo — Apple's biggest iPhone redesign ever,CNBC Television,242696,1009,16,durability,negative,unknown
8Vh_zxj64-c,UgznyKriY0_cASkrS7t4AaABAg,"this looks really cool, but the 18 pro max is just better all around and cheaper. 3k is not reasonable for something less powerful than their top tier phone. coming from a 13 pro max",0,2026-09-09T22:23:28Z,1,35,"this looks really cool, but the 18 pro max is just better all around and cheaper. 3k is not reasonable for something less powerful than their top tier phone. coming from a 13 pro max",iPhone Duo is SO Expensive...,Andres Vidoza,272620,7327,35,price,negative,not_buying
yStG1Qn-2vQ,UgwPCRyy3Ne_zgXCnGt4AaABAg,Sumsung ka add hai yai tho,0,2026-09-10T06:58:05Z,0,6,sumsung ka add hai yai tho,₹3 Lakh for a iPhone - Apple Most Expensive Phone 🤯,Next Univerz,876729,9883,6,SKIPPED,SKIPPED,SKIPPED
Zt-fS0DH8BQ,Ugyt63wZVgzUW7ThSup4AaABAg,"Will the inside iPad mini run iPad OS apps? LR, PS, resolve, fcpx? Should be powerful enough, the apple pen kind of points to it? Otherwise its just a really big iPhone which is nice for consuming but not creating.",0,2026-09-10T17:23:43Z,0,40,"will the inside ipad mini run ipad os apps? lr, ps, resolve, fcpx? should be powerful enough, the apple pen kind of points to it? otherwise its just a really big iphone which is nice for consuming but not creating.",iPhone 18 Pro & Duo: A Photographer's Reaction,Tyler Stalman,521951,6481,40,multitasking,neutral,considering
NFaOti1zbfA,UgxG7UGB80wS-lz0Uz94AaABAg,How the hell they going make phone holder for cars now 😂 duo has weir shape,0,2026-09-09T22:23:48Z,1,16,how the hell they going make phone holder for cars now duo has weir shape,iPhone Duo Vs 18 Pro Max- HANDS-ON Spec Review!!,Matt Talks Tech,251281,9567,15,foldable_design,negative,unknown
CEgynoERrqc,Ugz6vpm8HDSchvPcXkZ4AaABAg,"iPhone Duo, not Surface Duo. lol",5,2026-09-10T07:34:56Z,0,6,"iPhone Duo, not surface duo. lol",iPhone Duo Impressions - They NAILED This,Dave2D,1583371,30481,6,SKIPPED,SKIPPED,SKIPPED
-88aSO9z8QY,UgwXc86EKUOYZr1IT9d4AaABAg,18 pro max 2tb 3.3lakhs <br>17 pro max 2tb 2.3 lakhs <br>I lakh increased <br>Duo 2tb 4.5 lakhs,23,2026-09-10T03:36:08Z,1,18,18 pro max 2tb 3.3lakhs 17 pro max 2tb 2.3 lakhs i lakh increased duo 2tb 4.5 lakhs,"Apple Event 2026 🔥 iPhone 18 Pro, Foldable iPhone Duo & iPhone 17 Price Hike in India !",Prasadtechintelugu,891044,14277,18,price,negative,not_buying
